,12/3/2020 1:24:01 PM,12/3/2020 1:27:01 PM,12/3/2020 1:30:03 PM,12/3/2020 1:33:03 PM,12/3/2020 1:36:04 PM,12/3/2020 1:39:04 PM,12/3/2020 1:42:04 PM,12/3/2020 1:45:04 PM,12/3/2020 1:48:04 PM,12/3/2020 1:51:04 PM,12/3/2020 1:54:05 PM
Distance,Temperature,Temperature,Temperature,Temperature,Temperature,Temperature,Temperature,Temperature,Temperature,Temperature,Temperature
"1.286","3.425","3.687","3.847","3.799","3.723","3.650","3.950","4.199","4.133","4.286","4.489"
"1.541","3.177","3.503","3.704","3.641","3.494","3.381","3.667","3.959","3.950","4.155","4.351"
"1.795","3.054","3.376","3.630","3.619","3.432","3.288","3.526","3.802","3.838","4.141","4.340"
"2.049","2.915","3.201","3.488","3.559","3.418","3.255","3.470","3.690","3.708","4.121","4.297"
"2.303","2.718","2.922","3.227","3.353","3.308","3.127","3.415","3.649","3.550","4.067","4.220"
"2.557","2.376","2.525","2.796","2.907","2.927","2.790","3.168","3.518","3.253","3.903","4.083"
"2.812","1.919","2.082","2.284","2.326","2.400","2.372","2.679","3.104","2.834","3.519","3.779"
"3.066","1.603","1.787","1.924","1.918","2.030","2.091","2.220","2.594","2.498","2.983","3.296"
"3.320","1.446","1.644","1.738","1.756","1.824","1.937","1.950","2.207","2.272","2.508","2.783"
"3.574","1.557","1.754","1.806","1.903","1.865","1.982","1.933","2.125","2.218","2.336","2.523"
"3.828","1.849","2.021","2.087","2.203","2.099","2.188","2.116","2.279","2.364","2.444","2.546"
"4.083","1.984","2.111","2.215","2.316","2.222","2.289","2.230","2.360","2.458","2.527","2.616"
"4.337","2.044","2.152","2.262","2.346","2.278","2.321","2.246","2.361","2.449","2.524","2.647"
"4.591","2.209","2.315","2.433","2.541","2.461","2.502","2.383","2.487","2.510","2.611","2.749"
"4.845","2.338","2.398","2.571","2.691","2.615","2.725","2.570","2.673","2.624","2.719","2.880"
"5.099","2.375","2.370","2.595","2.659","2.679","2.872","2.690","2.828","2.694","2.743","2.929"
"5.354","2.525","2.524","2.753","2.714","2.857","3.079","2.879","3.043","2.893","2.848","2.981"
"5.608","2.885","2.963","3.124","2.900","3.031","3.234","3.005","3.132","3.049","2.878","2.926"
"5.862","3.509","3.548","3.661","3.277","3.287","3.480","3.142","3.112","3.136","2.711","2.663"
"6.116","3.827","3.683","3.830","3.569","3.481","3.593","3.315","3.093","3.265","2.548","2.380"
"6.370","3.695","3.499","3.704","3.722","3.592","3.480","3.424","3.176","3.362","2.677","2.350"
"6.625","3.572","3.510","3.815","4.009","3.835","3.501","3.559","3.433","3.532","2.979","2.547"
"6.879","3.429","3.505","3.895","4.084","3.908","3.547","3.613","3.649","3.713","3.173","2.754"
"7.133","3.157","3.296","3.631","3.831","3.738","3.525","3.571","3.736","3.780","3.324","2.888"
"7.387","2.902","3.059","3.320","3.573","3.632","3.592","3.604","3.813","3.828","3.573","2.966"
"7.641","2.685","2.824","3.074","3.389","3.543","3.645","3.664","3.834","3.870","3.763","2.929"
"7.896","2.445","2.593","2.848","3.193","3.394","3.558","3.635","3.770","3.846","3.713","2.744"
"8.150","2.148","2.279","2.574","2.860","3.109","3.293","3.391","3.532","3.567","3.314","2.373"
"8.404","1.966","2.047","2.365","2.609","2.869","3.069","3.181","3.340","3.325","2.951","2.157"
"8.658","2.016","2.074","2.432","2.696","2.932","3.154","3.299","3.469","3.484","2.977","2.308"
"8.912","2.147","2.192","2.598","2.905","3.092","3.328","3.514","3.679","3.683","3.082","2.438"
"9.167","2.140","2.177","2.607","2.928","3.067","3.334","3.503","3.669","3.596","3.015","2.389"
"9.421","2.052","2.116","2.546","2.840","2.960","3.281","3.399","3.563","3.378","2.885","2.332"
"9.675","2.048","2.156","2.586","2.855","2.989","3.339","3.418","3.578","3.266","2.837","2.329"
"9.929","2.050","2.192","2.621","2.889","3.041","3.361","3.428","3.604","3.232","2.856","2.382"
"10.183","1.904","2.076","2.489","2.768","2.933","3.229","3.295","3.504","3.206","2.942","2.489"
"10.438","1.705","1.912","2.336","2.625","2.823","3.075","3.212","3.431","3.257","3.093","2.653"
"10.692","1.605","1.847","2.290","2.581","2.805","3.028","3.228","3.487","3.391","3.271","2.846"
"10.946","1.700","1.995","2.434","2.721","2.938","3.175","3.358","3.696","3.589","3.497","3.028"
"11.200","1.863","2.208","2.643","2.941","3.138","3.420","3.568","3.921","3.809","3.717","3.152"
"11.454","1.966","2.341","2.805","3.104","3.265","3.601","3.752","4.061","4.002","3.808","3.125"
"11.709","2.188","2.547","3.091","3.373","3.512","3.828","4.005","4.333","4.318","3.961","3.163"
"11.963","2.455","2.783","3.405","3.649","3.843","4.051","4.235","4.629","4.614","4.223","3.322"
"12.217","2.582","2.854","3.518","3.715","4.033","4.124","4.357","4.766","4.700","4.384","3.456"
"12.471","2.474","2.672","3.345","3.504","3.910","3.935","4.217","4.620","4.556","4.298","3.508"
"12.725","2.192","2.335","2.965","3.101","3.524","3.515","3.808","4.210","4.183","3.965","3.351"
"12.980","2.036","2.111","2.680","2.821","3.178","3.229","3.478","3.860","3.849","3.670","3.116"
"13.234","2.094","2.122","2.648","2.798","3.069","3.229","3.440","3.771","3.799","3.634","3.145"
"13.488","2.126","2.170","2.658","2.759","3.018","3.249","3.478","3.750","3.817","3.669","3.301"
"13.742","2.038","2.148","2.562","2.604","2.901","3.157","3.419","3.664","3.755","3.596","3.328"
"13.996","1.856","2.018","2.382","2.430","2.741","2.991","3.260","3.509","3.627","3.454","3.191"
"14.251","1.593","1.770","2.146","2.235","2.506","2.745","3.011","3.254","3.373","3.217","2.928"
"14.505","1.295","1.487","1.865","1.992","2.220","2.443","2.734","2.958","3.041","2.814","2.514"
"14.759","0.993","1.179","1.528","1.702","1.885","2.079","2.471","2.658","2.723","2.228","1.899"
"15.013","0.795","0.965","1.252","1.496","1.636","1.819","2.353","2.527","2.549","1.730","1.360"
"15.267","0.710","0.875","1.091","1.427","1.528","1.755","2.363","2.580","2.507","1.478","1.118"
"15.522","0.714","0.862","1.071","1.483","1.618","1.866","2.448","2.753","2.626","1.389","1.091"
"15.776","0.780","0.850","1.116","1.623","1.849","2.060","2.584","2.987","2.772","1.306","1.133"
"16.030","0.753","0.758","1.086","1.663","1.966","2.126","2.612","3.025","2.647","1.152","1.159"
"16.284","0.604","0.624","1.012","1.587","1.889","2.010","2.525","2.821","2.299","0.994","1.154"
"16.538","0.448","0.517","0.954","1.555","1.791","1.913","2.491","2.672","2.015","0.864","1.100"
"16.793","0.293","0.454","0.919","1.585","1.763","1.888","2.509","2.654","1.854","0.767","1.052"
"17.047","0.125","0.393","0.865","1.568","1.723","1.830","2.435","2.567","1.716","0.753","1.053"
"17.301","0.025","0.320","0.769","1.486","1.583","1.744","2.231","2.357","1.593","0.801","1.080"
"17.555","0.079","0.321","0.766","1.495","1.513","1.803","2.139","2.263","1.608","0.825","1.114"
"17.809","0.141","0.335","0.801","1.547","1.496","1.891","2.133","2.213","1.654","0.789","1.140"
"18.064","0.052","0.223","0.670","1.434","1.302","1.727","1.900","1.932","1.563","0.723","1.110"
"18.318","-0.067","0.083","0.501","1.260","1.105","1.491","1.558","1.595","1.497","0.690","1.073"
"18.572","-0.145","-0.009","0.403","1.152","0.985","1.336","1.267","1.340","1.541","0.678","1.082"
"18.826","-0.164","-0.080","0.365","1.085","0.927","1.225","1.099","1.196","1.644","0.660","1.095"
"19.080","-0.142","-0.127","0.403","1.005","0.955","1.166","1.057","1.157","1.775","0.645","1.100"
"19.335","-0.146","-0.167","0.467","0.948","1.005","1.134","1.088","1.211","1.915","0.619","1.117"
"19.589","-0.219","-0.244","0.512","0.961","1.058","1.152","1.212","1.344","2.042","0.569","1.126"
"19.843","-0.341","-0.336","0.543","0.967","1.090","1.202","1.400","1.548","2.170","0.513","1.165"
"20.097","-0.483","-0.439","0.556","0.895","1.033","1.188","1.482","1.648","2.153","0.488","1.173"
"20.351","-0.594","-0.462","0.563","0.821","0.880","1.079","1.424","1.561","1.925","0.499","1.078"
"20.606","-0.700","-0.416","0.559","0.733","0.729","0.937","1.337","1.423","1.618","0.510","0.964"
"20.860","-0.813","-0.380","0.520","0.617","0.668","0.846","1.286","1.343","1.364","0.524","0.898"
"21.114","-0.869","-0.291","0.498","0.564","0.712","0.845","1.337","1.357","1.195","0.560","0.863"
"21.368","-0.826","-0.155","0.515","0.602","0.790","0.848","1.368","1.325","1.025","0.589","0.834"
"21.622","-0.773","-0.045","0.526","0.716","0.865","0.848","1.344","1.227","0.832","0.607","0.812"
"21.877","-0.822","-0.038","0.461","0.761","0.857","0.885","1.291","1.084","0.659","0.616","0.802"
"22.131","-0.919","-0.129","0.319","0.655","0.736","0.868","1.175","0.880","0.483","0.627","0.784"
"22.385","-1.045","-0.239","0.112","0.459","0.547","0.733","1.011","0.609","0.256","0.622","0.699"
"22.639","-1.143","-0.391","-0.077","0.267","0.359","0.573","0.818","0.331","0.080","0.596","0.585"
"22.893","-1.089","-0.543","-0.152","0.224","0.316","0.526","0.669","0.160","0.077","0.605","0.542"
"23.148","-0.938","-0.702","-0.211","0.295","0.421","0.575","0.600","0.080","0.126","0.652","0.542"
"23.402","-0.717","-0.864","-0.341","0.303","0.581","0.668","0.572","0.045","0.148","0.669","0.521"
"23.656","-0.409","-0.992","-0.472","0.322","0.876","0.913","0.580","0.053","0.181","0.690","0.519"
"23.910","-0.174","-1.047","-0.515","0.417","1.140","1.142","0.573","0.078","0.221","0.709","0.567"
"24.164","-0.009","-0.923","-0.426","0.554","1.254","1.255","0.600","0.140","0.323","0.709","0.686"
"24.419","0.105","-0.696","-0.411","0.640","1.375","1.385","0.739","0.203","0.438","0.737","0.838"
"24.673","0.139","-0.468","-0.541","0.583","1.403","1.495","0.910","0.231","0.473","0.816","0.987"
"24.927","0.124","-0.273","-0.635","0.378","1.194","1.366","0.964","0.251","0.420","0.855","1.043"
"25.181","0.181","-0.064","-0.450","0.248","0.924","1.164","0.975","0.432","0.476","0.921","1.101"
"25.435","0.368","0.206","0.026","0.355","0.834","1.135","1.106","0.818","0.767","1.126","1.281"
"25.690","0.525","0.427","0.449","0.496","0.868","1.215","1.234","1.121","1.040","1.316","1.460"
"25.944","0.575","0.513","0.684","0.566","0.886","1.250","1.256","1.227","1.174","1.383","1.530"
"26.198","0.557","0.496","0.800","0.618","0.797","1.195","1.197","1.195","1.154","1.365","1.518"
"26.452","0.478","0.382","0.753","0.569","0.539","1.020","1.040","1.033","0.959","1.227","1.426"
"26.706","0.391","0.252","0.605","0.537","0.179","0.841","0.855","0.813","0.708","1.049","1.318"
"26.961","0.305","0.175","0.500","0.673","-0.084","0.707","0.779","0.662","0.563","0.996","1.323"
"27.215","0.146","0.047","0.370","0.821","-0.179","0.494","0.692","0.565","0.497","1.086","1.415"
"27.469","0.065","-0.076","0.293","0.944","-0.057","0.202","0.456","0.493","0.467","1.192","1.562"
"27.723","0.077","-0.081","0.464","1.145","0.323","-0.008","0.198","0.384","0.442","1.189","1.663"
"27.977","0.057","0.028","0.757","1.407","0.820","0.017","0.089","0.259","0.460","1.183","1.695"
"28.232","0.000","0.149","0.911","1.529","1.150","0.224","0.138","0.261","0.539","1.188","1.638"
"28.486","-0.173","0.018","0.813","1.333","1.096","0.331","0.069","0.251","0.479","0.994","1.368"
"28.740","-0.346","-0.229","0.612","1.083","0.894","0.337","-0.114","0.108","0.296","0.726","1.052"
"28.994","-0.399","-0.331","0.482","0.981","0.803","0.383","-0.199","-0.048","0.115","0.578","0.904"
"29.248","-0.388","-0.372","0.317","0.846","0.776","0.457","-0.176","-0.124","0.018","0.513","0.909"
"29.503","-0.360","-0.476","0.105","0.713","0.781","0.473","-0.148","-0.165","-0.039","0.467","0.982"
"29.757","-0.337","-0.558","0.053","0.715","0.782","0.472","-0.149","-0.173","-0.061","0.482","1.122"
"30.011","-0.350","-0.535","0.169","0.793","0.734","0.518","-0.114","-0.114","-0.031","0.546","1.282"
"30.265","-0.323","-0.435","0.391","0.954","0.709","0.603","-0.055","-0.009","0.028","0.681","1.508"
"30.519","-0.360","-0.446","0.396","0.871","0.474","0.490","-0.063","-0.034","-0.009","0.656","1.485"
"30.774","-0.518","-0.605","0.127","0.410","-0.009","0.133","-0.191","-0.219","-0.193","0.343","1.005"
"31.028","-0.636","-0.687","-0.113","-0.038","-0.346","-0.108","-0.283","-0.272","-0.282","0.084","0.479"
"31.282","-0.699","-0.642","-0.228","-0.258","-0.378","-0.064","-0.217","-0.087","-0.113","0.121","0.286"
"31.536","-1.114","-0.963","-0.655","-0.660","-0.615","-0.283","-0.447","-0.240","-0.255","-0.082","0.002"
"31.790","-1.737","-1.567","-1.333","-1.299","-1.162","-0.853","-0.992","-0.795","-0.821","-0.636","-0.547"
"32.045","-2.250","-2.119","-1.948","-1.888","-1.713","-1.450","-1.512","-1.363","-1.399","-1.192","-1.106"
"32.299","-2.481","-2.354","-2.217","-2.129","-1.971","-1.723","-1.734","-1.598","-1.601","-1.415","-1.356"
"32.553","-2.560","-2.470","-2.294","-2.235","-2.077","-1.827","-1.773","-1.676","-1.663","-1.495","-1.410"
"32.807","-2.565","-2.539","-2.308","-2.250","-2.086","-1.837","-1.733","-1.661","-1.686","-1.524","-1.388"
"33.061","-2.421","-2.425","-2.189","-2.097","-1.921","-1.695","-1.607","-1.533","-1.574","-1.391","-1.258"
"33.315","-2.101","-2.124","-1.920","-1.799","-1.626","-1.431","-1.396","-1.303","-1.313","-1.113","-1.014"
"33.570","-1.956","-2.018","-1.808","-1.693","-1.551","-1.394","-1.359","-1.272","-1.257","-1.082","-0.964"
"33.824","-2.146","-2.179","-1.972","-1.888","-1.734","-1.591","-1.531","-1.471","-1.433","-1.313","-1.134"
"34.078","-2.461","-2.454","-2.236","-2.155","-1.978","-1.847","-1.749","-1.749","-1.666","-1.565","-1.327"
"34.332","-2.556","-2.536","-2.293","-2.212","-2.054","-1.925","-1.802","-1.827","-1.729","-1.618","-1.377"
"34.586","-2.543","-2.512","-2.251","-2.182","-2.080","-1.934","-1.817","-1.788","-1.704","-1.604","-1.374"
"34.841","-2.510","-2.437","-2.190","-2.118","-2.026","-1.899","-1.774","-1.725","-1.631","-1.564","-1.295"
"35.095","-2.396","-2.285","-2.041","-1.957","-1.870","-1.772","-1.643","-1.643","-1.531","-1.456","-1.184"
"35.349","-2.292","-2.169","-1.954","-1.861","-1.761","-1.666","-1.565","-1.581","-1.482","-1.376","-1.134"
"35.603","-2.328","-2.210","-1.970","-1.915","-1.795","-1.699","-1.616","-1.605","-1.495","-1.409","-1.141"
"35.857","-2.335","-2.191","-1.952","-1.906","-1.808","-1.706","-1.604","-1.609","-1.473","-1.398","-1.136"
"36.112","-2.284","-2.106","-1.926","-1.833","-1.747","-1.654","-1.556","-1.579","-1.454","-1.351","-1.094"
"36.366","-2.311","-2.161","-1.969","-1.843","-1.791","-1.677","-1.594","-1.583","-1.511","-1.373","-1.089"
"36.620","-2.328","-2.234","-1.991","-1.884","-1.848","-1.745","-1.648","-1.603","-1.545","-1.409","-1.100"
"36.874","-2.216","-2.127","-1.874","-1.799","-1.732","-1.671","-1.557","-1.528","-1.455","-1.351","-1.022"
"37.128","-2.000","-1.903","-1.669","-1.605","-1.500","-1.453","-1.362","-1.339","-1.263","-1.165","-0.866"
"37.383","-1.768","-1.689","-1.475","-1.398","-1.316","-1.276","-1.191","-1.184","-1.087","-1.020","-0.728"
"37.637","-1.780","-1.692","-1.519","-1.399","-1.371","-1.329","-1.241","-1.204","-1.122","-1.083","-0.751"
"37.891","-2.014","-1.912","-1.759","-1.601","-1.597","-1.521","-1.452","-1.373","-1.305","-1.278","-0.906"
"38.145","-2.125","-2.041","-1.864","-1.715","-1.696","-1.594","-1.529","-1.475","-1.382","-1.375","-0.983"
"38.399","-2.121","-2.056","-1.829","-1.688","-1.663","-1.555","-1.465","-1.455","-1.348","-1.350","-0.978"
"38.654","-2.090","-2.011","-1.773","-1.635","-1.615","-1.495","-1.349","-1.374","-1.302","-1.263","-0.921"
"38.908","-2.085","-1.992","-1.756","-1.637","-1.624","-1.480","-1.318","-1.351","-1.312","-1.203","-0.904"
"39.162","-2.054","-1.955","-1.691","-1.607","-1.617","-1.453","-1.316","-1.380","-1.314","-1.190","-0.904"
"39.416","-1.950","-1.844","-1.623","-1.541","-1.540","-1.412","-1.311","-1.356","-1.282","-1.163","-0.841"
"39.670","-2.034","-1.908","-1.756","-1.636","-1.606","-1.511","-1.428","-1.449","-1.373","-1.248","-0.916"
"39.925","-2.231","-2.110","-1.971","-1.842","-1.831","-1.690","-1.614","-1.649","-1.565","-1.439","-1.155"
"40.179","-2.404","-2.295","-2.122","-2.015","-2.018","-1.831","-1.763","-1.770","-1.712","-1.611","-1.337"
"40.433","-2.560","-2.500","-2.295","-2.182","-2.155","-1.984","-1.920","-1.860","-1.847","-1.742","-1.422"
"40.687","-2.706","-2.697","-2.447","-2.346","-2.268","-2.143","-2.041","-1.974","-1.997","-1.857","-1.517"
"40.941","-2.849","-2.842","-2.564","-2.487","-2.363","-2.262","-2.124","-2.073","-2.119","-1.997","-1.657"
"41.196","-2.920","-2.922","-2.645","-2.542","-2.455","-2.346","-2.184","-2.153","-2.189","-2.101","-1.797"
"41.450","-2.929","-2.964","-2.687","-2.547","-2.497","-2.374","-2.211","-2.207","-2.174","-2.107","-1.837"
"41.704","-2.934","-2.967","-2.690","-2.556","-2.479","-2.352","-2.190","-2.207","-2.134","-2.049","-1.790"
"41.958","-2.929","-2.939","-2.662","-2.528","-2.449","-2.322","-2.159","-2.162","-2.132","-2.013","-1.769"
"42.212","-2.917","-2.925","-2.637","-2.526","-2.432","-2.302","-2.167","-2.152","-2.124","-2.053","-1.829"
"42.467","-2.917","-2.944","-2.638","-2.546","-2.447","-2.263","-2.185","-2.156","-2.129","-2.084","-1.876"
"42.721","-2.908","-2.957","-2.644","-2.539","-2.483","-2.239","-2.177","-2.168","-2.138","-2.103","-1.870"
"42.975","-2.873","-2.928","-2.622","-2.515","-2.468","-2.231","-2.155","-2.148","-2.104","-2.071","-1.799"
"43.229","-2.863","-2.915","-2.602","-2.488","-2.442","-2.258","-2.151","-2.112","-2.065","-2.029","-1.751"
"43.483","-2.894","-2.923","-2.589","-2.510","-2.467","-2.346","-2.175","-2.111","-2.087","-2.060","-1.785"
"43.738","-2.916","-2.905","-2.557","-2.549","-2.486","-2.374","-2.184","-2.122","-2.105","-2.080","-1.803"
"43.992","-2.897","-2.878","-2.504","-2.543","-2.468","-2.327","-2.184","-2.112","-2.091","-2.080","-1.793"
"44.246","-2.861","-2.886","-2.476","-2.518","-2.484","-2.304","-2.185","-2.137","-2.104","-2.074","-1.818"
"44.500","-2.839","-2.853","-2.486","-2.496","-2.466","-2.262","-2.165","-2.151","-2.084","-2.057","-1.812"
"44.754","-2.813","-2.783","-2.486","-2.450","-2.416","-2.187","-2.111","-2.097","-2.012","-1.995","-1.762"
"45.009","-2.726","-2.689","-2.392","-2.338","-2.350","-2.102","-2.009","-1.997","-1.918","-1.896","-1.686"
"45.263","-2.444","-2.394","-2.141","-2.076","-2.125","-1.923","-1.801","-1.808","-1.705","-1.705","-1.533"
"45.517","-2.070","-2.024","-1.842","-1.739","-1.822","-1.710","-1.583","-1.578","-1.481","-1.478","-1.317"
"45.771","-1.925","-1.915","-1.737","-1.603","-1.690","-1.623","-1.520","-1.478","-1.416","-1.412","-1.207"
"46.025","-2.126","-2.097","-1.884","-1.740","-1.785","-1.717","-1.639","-1.540","-1.528","-1.518","-1.279"
"46.280","-2.434","-2.370","-2.142","-2.004","-2.007","-1.917","-1.830","-1.717","-1.690","-1.696","-1.448"
"46.534","-2.596","-2.580","-2.329","-2.224","-2.201","-2.118","-1.971","-1.875","-1.846","-1.825","-1.638"
"46.788","-2.672","-2.684","-2.428","-2.349","-2.321","-2.238","-2.073","-1.985","-1.944","-1.929","-1.761"
"47.042","-2.786","-2.784","-2.516","-2.460","-2.411","-2.291","-2.162","-2.067","-1.992","-2.031","-1.828"
"47.296","-2.860","-2.863","-2.569","-2.528","-2.443","-2.305","-2.193","-2.091","-2.031","-2.086","-1.855"
"47.551","-2.799","-2.815","-2.523","-2.479","-2.376","-2.236","-2.127","-2.038","-2.028","-2.013","-1.782"
"47.805","-2.644","-2.669","-2.400","-2.367","-2.234","-2.104","-2.016","-1.939","-1.955","-1.855","-1.644"
"48.059","-2.450","-2.441","-2.226","-2.149","-2.045","-1.926","-1.865","-1.774","-1.792","-1.664","-1.454"
"48.313","-2.319","-2.254","-2.076","-1.952","-1.913","-1.816","-1.779","-1.688","-1.724","-1.586","-1.363"
"48.567","-2.225","-2.126","-1.972","-1.825","-1.825","-1.798","-1.759","-1.674","-1.731","-1.594","-1.380"
"48.822","-2.087","-1.954","-1.810","-1.666","-1.676","-1.723","-1.666","-1.585","-1.632","-1.522","-1.293"
"49.076","-1.864","-1.704","-1.555","-1.425","-1.436","-1.476","-1.423","-1.357","-1.380","-1.311","-1.058"
"49.330","-1.760","-1.609","-1.454","-1.332","-1.332","-1.324","-1.248","-1.230","-1.217","-1.174","-0.903"
"49.584","-1.843","-1.728","-1.555","-1.397","-1.403","-1.396","-1.279","-1.294","-1.260","-1.236","-0.962"
"49.838","-1.884","-1.744","-1.577","-1.419","-1.445","-1.442","-1.338","-1.333","-1.322","-1.299","-1.043"
"50.093","-1.766","-1.624","-1.462","-1.350","-1.378","-1.368","-1.335","-1.301","-1.280","-1.265","-1.015"
"50.347","-1.644","-1.548","-1.345","-1.252","-1.287","-1.288","-1.292","-1.241","-1.215","-1.207","-0.931"
"50.601","-1.559","-1.514","-1.279","-1.183","-1.235","-1.270","-1.224","-1.184","-1.161","-1.141","-0.885"
"50.855","-1.543","-1.496","-1.259","-1.181","-1.236","-1.284","-1.192","-1.161","-1.139","-1.108","-0.896"
"51.109","-1.618","-1.550","-1.312","-1.250","-1.289","-1.325","-1.253","-1.207","-1.209","-1.163","-0.948"
"51.364","-1.705","-1.634","-1.400","-1.335","-1.343","-1.400","-1.340","-1.283","-1.305","-1.282","-1.029"
"51.618","-1.759","-1.698","-1.489","-1.420","-1.419","-1.483","-1.410","-1.367","-1.366","-1.371","-1.106"
"51.872","-1.786","-1.770","-1.552","-1.519","-1.471","-1.555","-1.483","-1.398","-1.415","-1.429","-1.175"
"52.126","-1.823","-1.818","-1.584","-1.562","-1.492","-1.578","-1.512","-1.414","-1.445","-1.462","-1.214"
"52.380","-1.918","-1.839","-1.652","-1.555","-1.574","-1.604","-1.527","-1.455","-1.512","-1.530","-1.271"
"52.635","-2.037","-1.913","-1.749","-1.642","-1.718","-1.683","-1.605","-1.535","-1.613","-1.630","-1.370"
"52.889","-2.098","-1.998","-1.813","-1.763","-1.800","-1.754","-1.670","-1.618","-1.671","-1.700","-1.452"
"53.143","-2.125","-2.053","-1.852","-1.785","-1.813","-1.804","-1.681","-1.668","-1.686","-1.671","-1.456"
"53.397","-2.139","-2.078","-1.895","-1.817","-1.831","-1.834","-1.708","-1.700","-1.665","-1.631","-1.426"
"53.651","-2.128","-2.077","-1.914","-1.845","-1.864","-1.860","-1.734","-1.709","-1.679","-1.643","-1.443"
"53.906","-2.114","-2.056","-1.870","-1.820","-1.886","-1.849","-1.729","-1.699","-1.720","-1.700","-1.493"
"54.160","-2.153","-2.079","-1.874","-1.828","-1.897","-1.839","-1.747","-1.721","-1.745","-1.746","-1.513"
"54.414","-2.229","-2.145","-1.962","-1.908","-1.955","-1.886","-1.816","-1.791","-1.805","-1.779","-1.553"
"54.668","-2.307","-2.247","-2.039","-1.993","-2.032","-1.998","-1.895","-1.908","-1.914","-1.846","-1.616"
"54.922","-2.362","-2.315","-2.092","-2.047","-2.101","-2.094","-1.950","-1.974","-1.964","-1.906","-1.664"
"55.177","-2.408","-2.376","-2.163","-2.095","-2.146","-2.149","-2.003","-2.013","-1.999","-1.943","-1.711"
"55.431","-2.433","-2.411","-2.217","-2.152","-2.201","-2.197","-2.074","-2.075","-2.066","-1.996","-1.784"
"55.685","-2.462","-2.439","-2.234","-2.200","-2.240","-2.221","-2.135","-2.112","-2.116","-2.062","-1.817"
"55.939","-2.435","-2.401","-2.205","-2.167","-2.214","-2.196","-2.106","-2.070","-2.126","-2.064","-1.803"
"56.193","-2.321","-2.282","-2.134","-2.063","-2.094","-2.090","-1.983","-1.945","-2.006","-1.930","-1.724"
"56.448","-2.151","-2.121","-1.986","-1.899","-1.908","-1.947","-1.804","-1.786","-1.805","-1.733","-1.561"
"56.702","-2.011","-1.989","-1.828","-1.721","-1.716","-1.794","-1.637","-1.637","-1.646","-1.535","-1.330"
"56.956","-1.895","-1.844","-1.677","-1.546","-1.539","-1.637","-1.492","-1.507","-1.504","-1.386","-1.113"
"57.210","-1.754","-1.710","-1.553","-1.420","-1.416","-1.504","-1.397","-1.391","-1.393","-1.304","-1.019"
"57.464","-1.633","-1.604","-1.446","-1.338","-1.339","-1.403","-1.355","-1.303","-1.314","-1.244","-0.974"
"57.719","-1.534","-1.519","-1.360","-1.256","-1.263","-1.329","-1.270","-1.229","-1.242","-1.148","-0.914"
"57.973","-1.478","-1.439","-1.285","-1.200","-1.180","-1.265","-1.164","-1.145","-1.153","-1.047","-0.820"
"58.227","-1.437","-1.370","-1.222","-1.136","-1.137","-1.211","-1.113","-1.100","-1.089","-0.980","-0.726"
"58.481","-1.435","-1.371","-1.210","-1.097","-1.120","-1.199","-1.094","-1.113","-1.075","-0.971","-0.701"
"58.735","-1.514","-1.481","-1.300","-1.168","-1.179","-1.279","-1.136","-1.184","-1.129","-1.044","-0.802"
"58.990","-1.683","-1.667","-1.494","-1.343","-1.341","-1.420","-1.308","-1.310","-1.273","-1.179","-0.972"
"59.244","-1.856","-1.900","-1.717","-1.543","-1.559","-1.564","-1.523","-1.476","-1.470","-1.364","-1.180"
"59.498","-2.080","-2.142","-1.936","-1.774","-1.779","-1.742","-1.714","-1.673","-1.661","-1.570","-1.367"
"59.752","-2.381","-2.458","-2.221","-2.118","-2.043","-1.996","-1.910","-1.913","-1.869","-1.804","-1.529"
"60.006","-2.668","-2.787","-2.531","-2.470","-2.361","-2.284","-2.162","-2.176","-2.141","-2.085","-1.793"
"60.261","-2.863","-2.945","-2.713","-2.668","-2.581","-2.529","-2.422","-2.456","-2.423","-2.326","-2.086"
"60.515","-2.932","-2.961","-2.766","-2.737","-2.713","-2.709","-2.624","-2.727","-2.677","-2.556","-2.354"
"60.769","-2.958","-2.971","-2.807","-2.771","-2.776","-2.822","-2.746","-2.875","-2.831","-2.735","-2.532"
"61.023","-3.046","-3.061","-2.918","-2.863","-2.877","-2.972","-2.886","-2.975","-2.990","-2.871","-2.667"
"61.277","-3.184","-3.215","-3.057","-3.014","-3.024","-3.108","-3.063","-3.095","-3.143","-2.988","-2.767"
"61.532","-3.321","-3.351","-3.192","-3.171","-3.174","-3.199","-3.200","-3.225","-3.257","-3.104","-2.889"
"61.786","-3.453","-3.483","-3.317","-3.294","-3.318","-3.295","-3.327","-3.376","-3.368","-3.258","-3.055"
"62.040","-3.622","-3.631","-3.448","-3.439","-3.464","-3.456","-3.480","-3.519","-3.503","-3.407","-3.213"
"62.294","-3.671","-3.681","-3.477","-3.459","-3.471","-3.532","-3.507","-3.530","-3.526","-3.424","-3.230"
"62.548","-3.700","-3.741","-3.546","-3.512","-3.438","-3.524","-3.470","-3.501","-3.446","-3.401","-3.163"
"62.803","-3.784","-3.853","-3.670","-3.637","-3.511","-3.594","-3.501","-3.553","-3.433","-3.444","-3.164"
"63.057","-3.759","-3.881","-3.690","-3.609","-3.555","-3.631","-3.546","-3.582","-3.501","-3.478","-3.182"
"63.311","-3.710","-3.858","-3.664","-3.557","-3.565","-3.626","-3.575","-3.611","-3.579","-3.518","-3.238"
"63.565","-3.658","-3.794","-3.618","-3.526","-3.540","-3.616","-3.564","-3.633","-3.609","-3.521","-3.291"
"63.819","-3.646","-3.739","-3.610","-3.497","-3.484","-3.557","-3.521","-3.595","-3.549","-3.484","-3.292"
"64.074","-3.682","-3.737","-3.636","-3.491","-3.455","-3.504","-3.451","-3.514","-3.437","-3.424","-3.279"
"64.328","-3.627","-3.699","-3.565","-3.440","-3.377","-3.448","-3.364","-3.410","-3.341","-3.352","-3.223"
"64.582","-3.570","-3.650","-3.484","-3.415","-3.316","-3.384","-3.316","-3.317","-3.281","-3.267","-3.129"
"64.836","-3.598","-3.740","-3.520","-3.460","-3.345","-3.278","-3.265","-3.183","-3.097","-3.160","-3.077"
"65.090","-3.752","-4.014","-3.700","-3.575","-3.449","-3.288","-3.267","-3.166","-3.002","-3.201","-3.199"
"65.345","-3.926","-4.196","-3.883","-3.721","-3.581","-3.479","-3.410","-3.373","-3.238","-3.388","-3.399"
"65.599","-4.026","-4.193","-3.955","-3.859","-3.727","-3.745","-3.610","-3.633","-3.577","-3.623","-3.532"
"65.853","-4.042","-4.179","-3.929","-3.849","-3.813","-3.836","-3.629","-3.684","-3.684","-3.687","-3.524"
"66.107","-3.774","-3.898","-3.599","-3.464","-3.505","-3.472","-3.142","-3.241","-3.264","-3.279","-3.143"
"66.361","-3.312","-3.393","-3.112","-2.979","-2.949","-2.844","-2.476","-2.615","-2.617","-2.660","-2.548"
"66.616","-3.178","-3.231","-3.032","-2.915","-2.766","-2.622","-2.304","-2.440","-2.419","-2.499","-2.369"
"66.870","-3.407","-3.437","-3.397","-3.203","-3.004","-2.888","-2.579","-2.716","-2.750","-2.843","-2.675"
"67.124","-3.476","-3.464","-3.557","-3.289","-3.108","-2.963","-2.641","-2.801","-2.887","-2.986","-2.788"
"67.378","-3.131","-3.091","-3.124","-2.909","-2.767","-2.604","-2.266","-2.395","-2.448","-2.528","-2.273"
"67.632","-2.772","-2.741","-2.642","-2.492","-2.407","-2.268","-1.941","-1.983","-1.986","-2.003","-1.724"
"67.887","-2.664","-2.704","-2.552","-2.454","-2.395","-2.246","-1.941","-1.988","-1.943","-1.930","-1.689"
"68.141","-2.841","-2.927","-2.820","-2.741","-2.654","-2.520","-2.285","-2.344","-2.303","-2.323","-2.132"
"68.395","-3.176","-3.276","-3.230","-3.134","-3.031","-2.949","-2.814","-2.834","-2.842","-2.892","-2.733"
"68.649","-3.431","-3.542","-3.511","-3.381","-3.301","-3.243","-3.164","-3.146","-3.185","-3.214","-3.086"
"68.903","-3.567","-3.690","-3.641","-3.454","-3.437","-3.416","-3.309","-3.276","-3.338","-3.295","-3.198"
"69.158","-3.609","-3.730","-3.669","-3.446","-3.493","-3.432","-3.355","-3.315","-3.407","-3.310","-3.221"
"69.412","-3.605","-3.750","-3.657","-3.425","-3.485","-3.367","-3.347","-3.326","-3.422","-3.316","-3.201"
"69.666","-3.553","-3.761","-3.600","-3.368","-3.432","-3.294","-3.294","-3.318","-3.358","-3.282","-3.177"
"69.920","-3.519","-3.714","-3.514","-3.305","-3.353","-3.275","-3.258","-3.321","-3.312","-3.242","-3.173"
"70.174","-3.505","-3.670","-3.472","-3.283","-3.280","-3.288","-3.267","-3.319","-3.293","-3.210","-3.133"
"70.429","-3.467","-3.638","-3.417","-3.252","-3.187","-3.239","-3.233","-3.255","-3.235","-3.117","-3.017"
"70.683","-3.439","-3.600","-3.346","-3.208","-3.072","-3.112","-3.137","-3.189","-3.168","-3.054","-2.899"
"70.937","-3.426","-3.566","-3.351","-3.170","-3.003","-3.054","-3.107","-3.166","-3.147","-3.065","-2.881"
"71.191","-3.420","-3.568","-3.377","-3.170","-3.040","-3.090","-3.131","-3.121","-3.137","-3.045","-2.921"
"71.445","-3.459","-3.631","-3.456","-3.259","-3.190","-3.136","-3.164","-3.118","-3.172","-3.076","-3.004"
"71.700","-3.608","-3.757","-3.620","-3.444","-3.351","-3.215","-3.265","-3.198","-3.262","-3.187","-3.133"
"71.954","-3.699","-3.843","-3.698","-3.550","-3.416","-3.293","-3.354","-3.248","-3.292","-3.243","-3.202"
"72.208","-3.693","-3.866","-3.662","-3.537","-3.398","-3.292","-3.360","-3.259","-3.307","-3.225","-3.178"
"72.462","-3.686","-3.847","-3.614","-3.514","-3.369","-3.280","-3.352","-3.266","-3.332","-3.212","-3.129"
"72.716","-3.706","-3.777","-3.538","-3.462","-3.324","-3.234","-3.300","-3.223","-3.300","-3.181","-3.069"
"72.971","-3.677","-3.679","-3.443","-3.359","-3.253","-3.130","-3.138","-3.106","-3.163","-3.081","-2.991"
"73.225","-3.570","-3.574","-3.317","-3.230","-3.169","-2.954","-2.958","-2.941","-2.990","-2.962","-2.864"
"73.479","-3.444","-3.484","-3.217","-3.147","-3.099","-2.817","-2.864","-2.836","-2.907","-2.899","-2.772"
"73.733","-3.371","-3.477","-3.193","-3.120","-3.080","-2.771","-2.841","-2.859","-2.914","-2.916","-2.749"
"73.987","-3.343","-3.504","-3.155","-3.121","-3.085","-2.778","-2.830","-2.879","-2.937","-2.901","-2.734"
"74.242","-3.383","-3.550","-3.157","-3.115","-3.111","-2.873","-2.854","-2.892","-2.923","-2.871","-2.751"
"74.496","-3.461","-3.609","-3.242","-3.129","-3.163","-3.020","-2.935","-2.996","-2.980","-2.925","-2.829"
"74.750","-3.542","-3.631","-3.312","-3.180","-3.230","-3.095","-3.067","-3.179","-3.118","-3.035","-2.910"
"75.004","-3.606","-3.618","-3.397","-3.245","-3.290","-3.140","-3.176","-3.286","-3.217","-3.131","-2.955"
"75.258","-3.656","-3.650","-3.502","-3.327","-3.321","-3.185","-3.219","-3.318","-3.259","-3.200","-2.998"
"75.513","-3.665","-3.708","-3.550","-3.367","-3.289","-3.180","-3.216","-3.323","-3.243","-3.144","-2.992"
"75.767","-3.539","-3.636","-3.463","-3.274","-3.139","-3.023","-3.041","-3.156","-3.086","-2.939","-2.795"
"76.021","-3.435","-3.523","-3.368","-3.251","-3.059","-2.897","-2.903","-3.017","-2.949","-2.853","-2.642"
"76.275","-3.568","-3.667","-3.455","-3.415","-3.197","-3.052","-3.019","-3.169","-3.087","-3.057","-2.822"
"76.529","-3.887","-4.024","-3.755","-3.749","-3.525","-3.438","-3.343","-3.531","-3.502","-3.459","-3.238"
"76.784","-4.230","-4.382","-4.138","-4.108","-3.871","-3.805","-3.739","-3.903","-3.928","-3.809","-3.634"
"77.038","-4.497","-4.621","-4.401","-4.366","-4.142","-4.067","-4.044","-4.146","-4.190","-4.029","-3.894"
"77.292","-4.583","-4.704","-4.469","-4.454","-4.269","-4.162","-4.166","-4.246","-4.273","-4.138","-4.013"
"77.546","-4.377","-4.508","-4.259","-4.265","-4.083","-3.894","-3.942","-4.038","-4.027","-3.919","-3.805"
"77.800","-3.673","-3.797","-3.522","-3.514","-3.328","-3.148","-3.184","-3.269","-3.215","-3.079","-2.951"
"78.055","-2.861","-2.924","-2.649","-2.625","-2.438","-2.383","-2.343","-2.355","-2.264","-2.101","-1.882"
"78.309","-2.472","-2.472","-2.212","-2.185","-1.954","-2.061","-1.947","-1.871","-1.749","-1.572","-1.313"
"78.563","-2.377","-2.307","-2.116","-2.048","-1.778","-1.984","-1.815","-1.692","-1.555","-1.412","-1.223"
"78.817","-2.336","-2.210","-2.060","-2.026","-1.750","-1.961","-1.740","-1.613","-1.437","-1.376","-1.338"
"79.071","-2.304","-2.197","-1.923","-2.004","-1.737","-2.021","-1.725","-1.562","-1.318","-1.310","-1.471"
"79.326","-2.305","-2.223","-1.776","-1.974","-1.689","-2.072","-1.789","-1.562","-1.254","-1.224","-1.457"
"79.580","-2.352","-2.287","-1.778","-1.983","-1.689","-2.053","-1.886","-1.588","-1.276","-1.136","-1.232"
"79.834","-2.445","-2.378","-1.933","-2.045","-1.797","-2.030","-1.972","-1.637","-1.293","-1.027","-0.856"
"80.088","-2.571","-2.522","-2.178","-2.183","-1.974","-2.075","-2.054","-1.717","-1.254","-0.931","-0.514"
"80.342","-2.652","-2.625","-2.364","-2.273","-2.089","-2.127","-2.105","-1.786","-1.244","-0.896","-0.386"
"80.597","-2.668","-2.623","-2.413","-2.281","-2.111","-2.153","-2.061","-1.828","-1.274","-0.988","-0.447"
"80.851","-2.668","-2.649","-2.410","-2.281","-2.111","-2.163","-1.943","-1.808","-1.294","-1.092","-0.447"
"81.105","-2.567","-2.647","-2.320","-2.189","-2.058","-2.112","-1.791","-1.709","-1.291","-1.042","-0.271"
"81.359","-2.424","-2.514","-2.172","-2.023","-1.913","-2.023","-1.677","-1.586","-1.340","-0.864","-0.022"
"81.613","-2.397","-2.406","-2.137","-1.988","-1.878","-1.951","-1.691","-1.519","-1.397","-0.819","0.010"
"81.868","-2.361","-2.322","-2.173","-2.028","-1.944","-1.826","-1.659","-1.466","-1.301","-0.746","0.067"
"82.122","-2.294","-2.262","-2.167","-2.032","-1.981","-1.738","-1.595","-1.488","-1.179","-0.624","0.127"
"82.376","-2.335","-2.320","-2.176","-2.071","-2.036","-1.877","-1.741","-1.702","-1.348","-0.859","-0.263"
"82.630","-2.521","-2.463","-2.299","-2.238","-2.168","-2.080","-2.029","-1.983","-1.677","-1.310","-0.883"
"82.884","-2.739","-2.665","-2.490","-2.456","-2.357","-2.259","-2.252","-2.212","-1.978","-1.722","-1.363"
"83.139","-2.952","-2.954","-2.744","-2.687","-2.652","-2.514","-2.449","-2.452","-2.247","-2.121","-1.791"
"83.393","-3.195","-3.214","-3.032","-2.942","-2.953","-2.752","-2.703","-2.665","-2.467","-2.427","-2.115"
"83.647","-3.343","-3.309","-3.181","-3.104","-3.083","-2.833","-2.878","-2.720","-2.583","-2.515","-2.227"
"83.901","-3.375","-3.281","-3.216","-3.167","-3.052","-2.831","-2.895","-2.690","-2.623","-2.507","-2.220"
"84.155","-3.343","-3.214","-3.210","-3.120","-2.991","-2.757","-2.795","-2.645","-2.612","-2.489","-2.186"
"84.410","-3.252","-3.165","-3.145","-3.013","-2.922","-2.647","-2.675","-2.596","-2.555","-2.411","-2.156"
"84.664","-3.127","-3.113","-3.039","-2.952","-2.827","-2.577","-2.575","-2.572","-2.456","-2.317","-2.124"
"84.918","-3.079","-3.103","-2.992","-2.933","-2.802","-2.595","-2.558","-2.588","-2.425","-2.305","-2.145"
"85.172","-3.087","-3.132","-2.955","-2.911","-2.824","-2.624","-2.569","-2.566","-2.428","-2.320","-2.185"
"85.426","-3.031","-3.121","-2.873","-2.865","-2.747","-2.592","-2.517","-2.509","-2.352","-2.245","-2.114"
"85.681","-2.940","-3.046","-2.826","-2.778","-2.636","-2.523","-2.458","-2.443","-2.286","-2.143","-1.998"
"85.935","-2.851","-2.914","-2.746","-2.619","-2.501","-2.390","-2.329","-2.302","-2.184","-2.009","-1.849"
"86.189","-2.682","-2.708","-2.534","-2.384","-2.306","-2.212","-2.120","-2.092","-1.987","-1.792","-1.631"
"86.443","-2.539","-2.589","-2.392","-2.264","-2.210","-2.132","-2.044","-2.024","-1.921","-1.694","-1.545"
"86.697","-2.527","-2.604","-2.418","-2.279","-2.183","-2.145","-2.077","-2.100","-1.998","-1.745","-1.598"
