,12/5/2020 12:30:17 PM,12/5/2020 12:33:17 PM,12/5/2020 12:36:17 PM,12/5/2020 12:39:17 PM,12/5/2020 12:42:18 PM,12/5/2020 12:45:18 PM,12/5/2020 12:48:18 PM,12/5/2020 12:51:18 PM,12/5/2020 12:54:18 PM,12/5/2020 12:57:19 PM,12/5/2020 1:00:19 PM,12/5/2020 1:03:19 PM,12/5/2020 1:06:19 PM,12/5/2020 1:09:19 PM,12/5/2020 1:12:20 PM,12/5/2020 1:15:20 PM,12/5/2020 1:18:20 PM,12/5/2020 1:21:20 PM,12/5/2020 1:24:20 PM,12/5/2020 1:27:20 PM,12/5/2020 1:30:21 PM,12/5/2020 1:33:21 PM,12/5/2020 1:36:21 PM,12/5/2020 1:39:21 PM,12/5/2020 1:42:22 PM
Distance,Temperature,Temperature,Temperature,Temperature,Temperature,Temperature,Temperature,Temperature,Temperature,Temperature,Temperature,Temperature,Temperature,Temperature,Temperature,Temperature,Temperature,Temperature,Temperature,Temperature,Temperature,Temperature,Temperature,Temperature,Temperature
"0.015","23.688","24.315","24.489","24.827","25.275","25.281","25.551","25.904","26.259","26.682","26.940","26.981","27.297","27.347","27.442","27.532","27.756","27.811","28.150","28.221","28.239","28.003","28.431","28.673","28.859"
"0.270","23.028","23.428","23.404","23.514","23.850","23.676","23.784","23.991","24.192","24.478","24.612","24.562","24.703","24.658","24.671","24.675","24.796","24.800","25.047","25.066","25.030","24.707","25.055","25.233","25.407"
"0.524","23.220","23.520","23.421","23.439","23.686","23.433","23.437","23.565","23.663","23.905","23.978","23.904","23.949","23.846","23.810","23.783","23.866","23.827","24.014","24.003","23.937","23.604","23.907","24.031","24.141"
"0.778","23.706","23.936","23.818","23.855","24.011","23.814","23.723","23.884","23.941","24.182","24.184","24.135","24.195","24.068","24.010","24.004","24.072","24.002","24.177","24.176","24.051","23.771","24.076","24.159","24.213"
"1.032","23.896","24.074","23.947","24.045","24.125","23.971","23.855","24.050","24.097","24.325","24.289","24.255","24.369","24.234","24.144","24.158","24.241","24.129","24.343","24.320","24.182","23.934","24.242","24.301","24.363"
"1.286","23.769","23.937","23.801","23.911","23.976","23.811","23.737","23.944","23.962","24.194","24.143","24.089","24.232","24.095","23.994","23.995","24.100","23.971","24.214","24.125","24.018","23.772","24.076","24.135","24.189"
"1.541","23.557","23.760","23.625","23.698","23.810","23.640","23.590","23.776","23.800","24.034","23.998","23.926","24.051","23.898","23.838","23.829","23.932","23.810","24.049","23.925","23.870","23.597","23.907","23.986","24.023"
"1.795","23.468","23.708","23.570","23.599","23.759","23.578","23.522","23.688","23.718","23.951","23.968","23.882","23.968","23.803","23.787","23.777","23.853","23.749","23.950","23.848","23.813","23.524","23.828","23.915","23.968"
"2.049","23.492","23.737","23.594","23.619","23.794","23.589","23.551","23.709","23.752","23.947","24.011","23.920","23.973","23.846","23.817","23.786","23.873","23.776","23.967","23.886","23.831","23.532","23.827","23.935","23.985"
"2.303","23.507","23.719","23.605","23.648","23.819","23.582","23.547","23.727","23.789","23.949","24.009","23.930","23.999","23.894","23.823","23.787","23.883","23.786","23.999","23.915","23.851","23.532","23.864","23.959","24.037"
"2.557","23.432","23.609","23.524","23.551","23.722","23.486","23.416","23.621","23.668","23.843","23.848","23.804","23.885","23.768","23.688","23.637","23.738","23.648","23.884","23.786","23.688","23.387","23.734","23.819","23.904"
"2.812","23.289","23.498","23.392","23.419","23.584","23.384","23.321","23.496","23.551","23.750","23.712","23.703","23.760","23.644","23.574","23.512","23.628","23.536","23.779","23.667","23.533","23.277","23.590","23.701","23.807"
"3.066","23.214","23.423","23.315","23.364","23.499","23.319","23.294","23.414","23.509","23.694","23.676","23.655","23.714","23.607","23.538","23.515","23.594","23.496","23.748","23.608","23.481","23.258","23.540","23.653","23.789"
"3.320","23.071","23.240","23.152","23.188","23.301","23.110","23.100","23.218","23.306","23.489","23.520","23.438","23.524","23.419","23.331","23.327","23.380","23.292","23.520","23.366","23.273","23.058","23.349","23.419","23.555"
"3.574","22.800","22.961","22.866","22.902","23.014","22.796","22.796","22.947","22.990","23.214","23.233","23.143","23.241","23.152","23.039","23.034","23.079","22.996","23.181","23.057","22.991","22.735","23.067","23.108","23.198"
"3.828","22.584","22.776","22.647","22.711","22.810","22.586","22.601","22.742","22.768","23.002","23.013","22.948","23.050","22.944","22.835","22.842","22.880","22.784","22.956","22.850","22.814","22.510","22.841","22.898","22.936"
"4.083","22.570","22.787","22.660","22.725","22.801","22.588","22.600","22.729","22.752","22.971","22.982","22.929","23.022","22.906","22.802","22.799","22.837","22.735","22.921","22.819","22.758","22.476","22.778","22.838","22.894"
"4.337","22.562","22.753","22.676","22.748","22.831","22.607","22.634","22.740","22.774","23.004","23.022","22.936","23.040","22.950","22.815","22.812","22.861","22.765","22.944","22.849","22.779","22.489","22.803","22.845","22.968"
"4.591","22.474","22.653","22.557","22.669","22.769","22.517","22.571","22.671","22.704","22.947","22.976","22.855","22.951","22.895","22.772","22.764","22.813","22.727","22.893","22.797","22.748","22.440","22.745","22.800","22.901"
"4.845","22.416","22.602","22.444","22.583","22.679","22.425","22.477","22.590","22.633","22.848","22.859","22.738","22.834","22.746","22.663","22.638","22.693","22.608","22.805","22.668","22.613","22.339","22.630","22.678","22.780"
"5.099","22.471","22.645","22.496","22.610","22.706","22.473","22.501","22.625","22.675","22.883","22.890","22.776","22.892","22.765","22.673","22.641","22.711","22.637","22.873","22.702","22.640","22.403","22.683","22.716","22.857"
"5.354","22.726","22.867","22.800","22.823","22.929","22.719","22.739","22.886","22.916","23.136","23.160","23.057","23.175","23.034","22.932","22.886","22.970","22.894","23.149","22.991","22.944","22.667","22.958","22.986","23.133"
"5.608","22.675","22.809","22.799","22.742","22.871","22.671","22.695","22.871","22.887","23.088","23.101","23.000","23.106","22.996","22.874","22.837","22.908","22.831","23.097","22.951","22.913","22.579","22.925","22.949","23.081"
"5.862","22.031","22.201","22.181","22.132","22.285","22.095","22.101","22.268","22.287","22.474","22.475","22.382","22.459","22.413","22.274","22.261","22.295","22.223","22.440","22.335","22.280","21.950","22.306","22.369","22.447"
"6.116","21.347","21.561","21.464","21.483","21.634","21.446","21.423","21.559","21.581","21.793","21.777","21.699","21.750","21.751","21.616","21.611","21.615","21.557","21.693","21.651","21.576","21.281","21.592","21.721","21.766"
"6.370","21.136","21.328","21.192","21.242","21.374","21.197","21.136","21.278","21.260","21.505","21.488","21.407","21.473","21.442","21.314","21.308","21.313","21.286","21.374","21.346","21.249","20.971","21.265","21.417","21.472"
"6.625","21.158","21.291","21.170","21.249","21.338","21.201","21.137","21.275","21.245","21.510","21.501","21.389","21.481","21.399","21.297","21.299","21.300","21.273","21.391","21.336","21.245","20.973","21.261","21.389","21.487"
"6.879","21.144","21.290","21.150","21.264","21.315","21.191","21.178","21.275","21.321","21.559","21.552","21.402","21.513","21.416","21.339","21.335","21.321","21.291","21.438","21.379","21.319","21.006","21.318","21.405","21.541"
"7.133","21.019","21.158","20.992","21.096","21.166","20.991","21.028","21.130","21.192","21.381","21.377","21.180","21.311","21.241","21.144","21.113","21.112","21.112","21.269","21.171","21.076","20.796","21.093","21.195","21.299"
"7.387","20.809","20.874","20.752","20.841","20.938","20.734","20.779","20.899","20.915","21.104","21.054","20.859","21.006","20.979","20.831","20.785","20.821","20.852","20.997","20.877","20.686","20.469","20.767","20.902","20.972"
"7.641","20.551","20.586","20.459","20.580","20.693","20.496","20.537","20.627","20.635","20.836","20.781","20.620","20.764","20.747","20.561","20.543","20.622","20.629","20.742","20.646","20.477","20.247","20.539","20.701","20.755"
"7.896","20.467","20.550","20.359","20.504","20.600","20.415","20.439","20.508","20.517","20.712","20.711","20.594","20.709","20.668","20.504","20.483","20.536","20.537","20.620","20.542","20.465","20.188","20.482","20.631","20.711"
"8.150","20.536","20.644","20.478","20.637","20.697","20.504","20.516","20.597","20.576","20.766","20.792","20.702","20.791","20.737","20.626","20.554","20.571","20.614","20.668","20.606","20.552","20.266","20.540","20.691","20.815"
"8.404","20.563","20.680","20.569","20.737","20.821","20.592","20.613","20.705","20.687","20.881","20.913","20.820","20.863","20.848","20.773","20.690","20.706","20.764","20.810","20.744","20.684","20.435","20.662","20.834","20.938"
"8.658","20.505","20.617","20.521","20.669","20.791","20.541","20.561","20.638","20.648","20.817","20.861","20.780","20.786","20.792","20.725","20.645","20.696","20.703","20.765","20.680","20.638","20.410","20.623","20.789","20.821"
"8.912","20.473","20.553","20.458","20.569","20.677","20.437","20.441","20.516","20.536","20.680","20.718","20.633","20.648","20.632","20.543","20.466","20.540","20.520","20.604","20.497","20.463","20.228","20.436","20.585","20.623"
"9.167","20.443","20.510","20.412","20.511","20.577","20.386","20.362","20.470","20.482","20.601","20.639","20.544","20.590","20.545","20.434","20.391","20.456","20.455","20.518","20.421","20.384","20.137","20.358","20.485","20.557"
"9.421","20.403","20.493","20.373","20.479","20.544","20.397","20.335","20.462","20.460","20.580","20.635","20.553","20.600","20.551","20.430","20.410","20.482","20.456","20.507","20.471","20.402","20.138","20.401","20.531","20.573"
"9.675","20.431","20.524","20.395","20.489","20.583","20.431","20.367","20.469","20.478","20.593","20.639","20.583","20.601","20.565","20.436","20.402","20.510","20.439","20.484","20.506","20.406","20.125","20.413","20.542","20.582"
"9.929","20.467","20.564","20.446","20.553","20.662","20.490","20.438","20.522","20.537","20.672","20.689","20.637","20.672","20.623","20.509","20.424","20.553","20.494","20.551","20.543","20.444","20.168","20.471","20.604","20.649"
"10.183","20.458","20.555","20.450","20.596","20.706","20.518","20.480","20.564","20.540","20.742","20.745","20.678","20.759","20.685","20.582","20.502","20.590","20.568","20.661","20.608","20.508","20.241","20.570","20.720","20.765"
"10.438","20.452","20.564","20.426","20.586","20.669","20.486","20.452","20.561","20.481","20.731","20.712","20.624","20.702","20.646","20.526","20.488","20.526","20.510","20.619","20.572","20.475","20.203","20.513","20.691","20.732"
"10.692","20.468","20.566","20.425","20.577","20.616","20.453","20.416","20.547","20.485","20.711","20.643","20.581","20.611","20.595","20.440","20.417","20.458","20.402","20.529","20.509","20.419","20.124","20.412","20.585","20.615"
"10.946","20.455","20.571","20.423","20.566","20.621","20.477","20.417","20.534","20.538","20.707","20.633","20.605","20.633","20.630","20.435","20.419","20.485","20.420","20.538","20.534","20.445","20.160","20.427","20.575","20.632"
"11.200","20.452","20.592","20.431","20.567","20.646","20.491","20.415","20.492","20.541","20.695","20.643","20.584","20.658","20.642","20.469","20.414","20.499","20.458","20.532","20.539","20.450","20.162","20.422","20.574","20.650"
"11.454","20.493","20.594","20.452","20.587","20.660","20.466","20.432","20.482","20.542","20.696","20.643","20.557","20.657","20.633","20.494","20.400","20.496","20.468","20.507","20.531","20.424","20.135","20.388","20.560","20.602"
"11.709","20.498","20.587","20.447","20.592","20.684","20.486","20.457","20.555","20.552","20.730","20.695","20.607","20.735","20.660","20.527","20.454","20.567","20.522","20.553","20.616","20.475","20.196","20.491","20.631","20.667"
"11.963","20.513","20.601","20.481","20.608","20.706","20.518","20.476","20.620","20.561","20.755","20.733","20.651","20.763","20.694","20.538","20.504","20.594","20.564","20.588","20.674","20.519","20.241","20.575","20.686","20.721"
"12.217","20.594","20.656","20.564","20.686","20.739","20.554","20.510","20.692","20.603","20.799","20.732","20.635","20.738","20.717","20.530","20.524","20.587","20.562","20.598","20.664","20.469","20.237","20.564","20.671","20.725"
"12.471","20.633","20.657","20.566","20.734","20.764","20.565","20.557","20.730","20.639","20.852","20.759","20.638","20.770","20.745","20.583","20.560","20.619","20.605","20.660","20.700","20.461","20.284","20.607","20.720","20.797"
"12.725","20.563","20.613","20.512","20.679","20.732","20.536","20.523","20.670","20.625","20.815","20.773","20.644","20.785","20.730","20.606","20.557","20.630","20.612","20.656","20.712","20.513","20.332","20.640","20.745","20.823"
"12.980","20.526","20.613","20.488","20.622","20.704","20.516","20.449","20.582","20.569","20.746","20.711","20.615","20.745","20.653","20.537","20.479","20.564","20.526","20.544","20.607","20.507","20.250","20.541","20.650","20.694"
"13.234","20.514","20.610","20.493","20.612","20.704","20.492","20.426","20.552","20.544","20.743","20.634","20.609","20.689","20.605","20.505","20.427","20.504","20.463","20.488","20.517","20.467","20.159","20.410","20.571","20.596"
"13.488","20.470","20.568","20.460","20.605","20.670","20.441","20.433","20.548","20.542","20.754","20.620","20.609","20.698","20.642","20.548","20.456","20.519","20.500","20.530","20.527","20.474","20.180","20.402","20.612","20.635"
"13.742","20.516","20.569","20.470","20.608","20.665","20.450","20.432","20.540","20.566","20.744","20.658","20.589","20.729","20.685","20.577","20.477","20.531","20.506","20.561","20.544","20.486","20.215","20.451","20.645","20.663"
"13.996","20.601","20.637","20.563","20.648","20.737","20.539","20.501","20.595","20.644","20.791","20.732","20.622","20.757","20.733","20.621","20.503","20.576","20.535","20.610","20.592","20.534","20.255","20.514","20.684","20.713"
"14.251","20.602","20.662","20.599","20.681","20.797","20.595","20.605","20.656","20.691","20.894","20.804","20.728","20.838","20.803","20.721","20.609","20.692","20.663","20.726","20.716","20.646","20.368","20.649","20.804","20.800"
"14.505","20.596","20.637","20.580","20.691","20.785","20.587","20.625","20.664","20.654","20.917","20.782","20.757","20.846","20.793","20.744","20.653","20.734","20.705","20.761","20.754","20.673","20.425","20.679","20.829","20.801"
"14.759","20.576","20.600","20.537","20.646","20.705","20.511","20.538","20.610","20.595","20.824","20.682","20.672","20.758","20.681","20.629","20.561","20.622","20.598","20.656","20.638","20.568","20.315","20.569","20.712","20.725"
"15.013","20.480","20.541","20.446","20.538","20.605","20.400","20.419","20.505","20.535","20.724","20.621","20.593","20.714","20.606","20.535","20.464","20.533","20.500","20.584","20.552","20.513","20.234","20.516","20.630","20.715"
"15.267","20.422","20.505","20.367","20.470","20.567","20.371","20.362","20.423","20.491","20.664","20.611","20.554","20.679","20.580","20.508","20.420","20.493","20.450","20.544","20.514","20.497","20.212","20.472","20.602","20.686"
"15.522","20.455","20.513","20.365","20.483","20.579","20.397","20.371","20.445","20.507","20.623","20.596","20.534","20.617","20.571","20.461","20.377","20.446","20.406","20.478","20.437","20.422","20.155","20.382","20.563","20.580"
"15.776","20.471","20.532","20.400","20.510","20.566","20.414","20.395","20.488","20.551","20.636","20.587","20.520","20.598","20.582","20.430","20.373","20.452","20.428","20.469","20.419","20.384","20.156","20.360","20.570","20.517"
"16.030","20.433","20.526","20.424","20.508","20.550","20.417","20.405","20.514","20.560","20.693","20.619","20.549","20.646","20.613","20.476","20.425","20.515","20.490","20.527","20.518","20.463","20.226","20.431","20.641","20.577"
"16.284","20.444","20.556","20.445","20.538","20.590","20.438","20.437","20.565","20.553","20.754","20.639","20.573","20.679","20.634","20.526","20.430","20.534","20.516","20.549","20.564","20.501","20.228","20.484","20.655","20.623"
"16.538","20.493","20.618","20.470","20.591","20.647","20.484","20.483","20.620","20.573","20.802","20.639","20.558","20.683","20.640","20.552","20.435","20.516","20.517","20.568","20.560","20.475","20.196","20.514","20.634","20.600"
"16.793","20.446","20.599","20.445","20.585","20.632","20.468","20.481","20.589","20.564","20.784","20.649","20.553","20.670","20.618","20.553","20.487","20.525","20.514","20.587","20.569","20.473","20.223","20.535","20.649","20.657"
"17.047","20.409","20.579","20.419","20.581","20.610","20.436","20.458","20.517","20.517","20.725","20.642","20.551","20.649","20.574","20.526","20.492","20.542","20.492","20.567","20.545","20.454","20.225","20.503","20.617","20.697"
"17.301","20.484","20.600","20.460","20.611","20.651","20.457","20.467","20.538","20.529","20.713","20.614","20.542","20.642","20.564","20.503","20.449","20.522","20.484","20.553","20.517","20.412","20.190","20.470","20.562","20.631"
"17.555","20.498","20.571","20.487","20.604","20.670","20.484","20.489","20.559","20.557","20.729","20.635","20.552","20.669","20.602","20.502","20.456","20.540","20.518","20.568","20.537","20.427","20.208","20.484","20.589","20.628"
"17.809","20.427","20.508","20.442","20.542","20.627","20.463","20.456","20.522","20.542","20.706","20.634","20.551","20.672","20.597","20.474","20.465","20.546","20.526","20.533","20.567","20.462","20.229","20.497","20.643","20.666"
"18.064","20.388","20.509","20.443","20.518","20.587","20.447","20.417","20.521","20.515","20.689","20.582","20.519","20.664","20.558","20.459","20.433","20.493","20.526","20.506","20.554","20.454","20.197","20.489","20.655","20.701"
"18.318","20.394","20.517","20.482","20.555","20.598","20.461","20.433","20.566","20.526","20.712","20.583","20.551","20.679","20.583","20.541","20.446","20.501","20.585","20.571","20.583","20.511","20.248","20.542","20.695","20.817"
"18.572","20.402","20.506","20.477","20.570","20.612","20.443","20.429","20.570","20.515","20.697","20.590","20.559","20.672","20.610","20.589","20.476","20.510","20.583","20.583","20.604","20.516","20.267","20.551","20.680","20.832"
"18.826","20.454","20.545","20.471","20.591","20.611","20.431","20.416","20.553","20.530","20.676","20.584","20.538","20.679","20.618","20.528","20.476","20.506","20.536","20.516","20.600","20.437","20.218","20.505","20.621","20.748"
"19.080","20.480","20.583","20.451","20.598","20.615","20.453","20.462","20.557","20.559","20.705","20.620","20.570","20.714","20.634","20.497","20.517","20.516","20.556","20.528","20.629","20.428","20.225","20.534","20.634","20.733"
"19.335","20.481","20.565","20.438","20.585","20.613","20.453","20.475","20.537","20.523","20.710","20.638","20.576","20.691","20.622","20.480","20.540","20.501","20.554","20.534","20.597","20.427","20.208","20.539","20.619","20.718"
"19.589","20.463","20.552","20.465","20.569","20.611","20.446","20.435","20.526","20.504","20.706","20.613","20.570","20.625","20.612","20.473","20.510","20.461","20.519","20.504","20.521","20.400","20.162","20.490","20.561","20.690"
"19.843","20.414","20.529","20.463","20.536","20.593","20.454","20.412","20.530","20.512","20.705","20.601","20.583","20.610","20.633","20.514","20.513","20.485","20.546","20.529","20.537","20.464","20.203","20.524","20.581","20.770"
"20.097","20.410","20.512","20.442","20.537","20.578","20.474","20.424","20.524","20.504","20.680","20.618","20.571","20.627","20.621","20.525","20.521","20.532","20.557","20.544","20.561","20.510","20.216","20.548","20.605","20.792"
"20.351","20.450","20.531","20.483","20.574","20.601","20.494","20.444","20.543","20.524","20.675","20.650","20.537","20.644","20.594","20.516","20.504","20.533","20.532","20.550","20.571","20.508","20.192","20.546","20.602","20.748"
"20.606","20.442","20.532","20.521","20.586","20.644","20.492","20.472","20.540","20.557","20.700","20.697","20.542","20.679","20.622","20.545","20.528","20.554","20.564","20.571","20.615","20.519","20.224","20.613","20.657","20.791"
"20.860","20.428","20.540","20.512","20.596","20.641","20.486","20.478","20.520","20.548","20.685","20.688","20.531","20.682","20.629","20.531","20.530","20.555","20.562","20.552","20.611","20.485","20.243","20.610","20.652","20.818"
"21.114","20.446","20.561","20.499","20.605","20.629","20.488","20.479","20.525","20.518","20.691","20.667","20.523","20.684","20.599","20.513","20.513","20.549","20.564","20.527","20.587","20.471","20.233","20.550","20.625","20.771"
"21.368","20.449","20.570","20.507","20.636","20.657","20.519","20.515","20.571","20.538","20.759","20.711","20.565","20.718","20.654","20.572","20.543","20.591","20.621","20.575","20.611","20.562","20.301","20.586","20.664","20.776"
"21.622","20.484","20.607","20.536","20.646","20.694","20.544","20.537","20.642","20.593","20.790","20.746","20.595","20.720","20.713","20.634","20.574","20.608","20.654","20.609","20.612","20.597","20.350","20.624","20.684","20.789"
"21.877","20.531","20.647","20.570","20.623","20.704","20.549","20.552","20.681","20.610","20.769","20.752","20.621","20.718","20.712","20.660","20.574","20.592","20.636","20.619","20.594","20.566","20.333","20.626","20.673","20.746"
"22.131","20.532","20.633","20.570","20.608","20.683","20.541","20.556","20.666","20.603","20.770","20.751","20.674","20.728","20.698","20.671","20.574","20.590","20.641","20.625","20.645","20.604","20.325","20.654","20.701","20.710"
"22.385","20.535","20.623","20.561","20.596","20.666","20.507","20.532","20.612","20.581","20.764","20.721","20.662","20.690","20.664","20.620","20.536","20.570","20.619","20.616","20.660","20.610","20.289","20.638","20.707","20.711"
"22.639","20.558","20.634","20.549","20.600","20.684","20.494","20.517","20.614","20.572","20.763","20.704","20.633","20.684","20.671","20.554","20.529","20.573","20.620","20.621","20.650","20.581","20.282","20.622","20.727","20.777"
"22.893","20.567","20.623","20.532","20.618","20.701","20.520","20.508","20.649","20.592","20.778","20.748","20.669","20.746","20.721","20.586","20.572","20.631","20.672","20.661","20.681","20.617","20.365","20.693","20.793","20.911"
"23.148","20.564","20.590","20.514","20.616","20.685","20.513","20.483","20.642","20.595","20.731","20.738","20.658","20.733","20.686","20.606","20.538","20.612","20.662","20.644","20.665","20.587","20.351","20.690","20.787","20.874"
"23.402","20.527","20.563","20.493","20.594","20.633","20.511","20.479","20.615","20.596","20.699","20.683","20.626","20.685","20.668","20.593","20.491","20.548","20.628","20.600","20.635","20.551","20.276","20.640","20.764","20.776"
"23.656","20.483","20.563","20.468","20.555","20.589","20.478","20.463","20.583","20.569","20.690","20.640","20.631","20.665","20.686","20.565","20.497","20.533","20.621","20.568","20.660","20.561","20.273","20.631","20.729","20.775"
"23.910","20.523","20.603","20.499","20.536","20.600","20.451","20.446","20.583","20.519","20.688","20.627","20.612","20.653","20.678","20.535","20.485","20.546","20.594","20.525","20.644","20.531","20.272","20.594","20.651","20.716"
"24.164","20.571","20.615","20.559","20.537","20.635","20.456","20.436","20.589","20.529","20.687","20.636","20.598","20.662","20.677","20.527","20.469","20.557","20.606","20.512","20.598","20.525","20.254","20.575","20.631","20.676"
"24.419","20.529","20.595","20.547","20.534","20.641","20.491","20.432","20.590","20.544","20.677","20.665","20.630","20.689","20.699","20.538","20.501","20.564","20.650","20.551","20.598","20.589","20.311","20.636","20.715","20.727"
"24.673","20.508","20.587","20.522","20.527","20.594","20.502","20.398","20.581","20.503","20.648","20.647","20.633","20.673","20.658","20.529","20.498","20.553","20.624","20.545","20.578","20.569","20.328","20.636","20.731","20.722"
"24.927","20.516","20.584","20.534","20.512","20.574","20.493","20.361","20.541","20.457","20.624","20.623","20.617","20.629","20.632","20.514","20.472","20.526","20.590","20.519","20.536","20.514","20.275","20.585","20.681","20.699"
"25.181","20.491","20.564","20.522","20.524","20.602","20.471","20.369","20.519","20.470","20.651","20.647","20.627","20.628","20.671","20.549","20.515","20.551","20.641","20.544","20.573","20.526","20.290","20.596","20.673","20.786"
"25.435","20.507","20.581","20.505","20.566","20.624","20.463","20.417","20.527","20.497","20.677","20.641","20.632","20.645","20.691","20.582","20.533","20.579","20.662","20.560","20.602","20.524","20.276","20.616","20.674","20.822"
"25.690","20.535","20.636","20.532","20.593","20.642","20.495","20.466","20.545","20.527","20.690","20.639","20.621","20.649","20.687","20.566","20.506","20.544","20.633","20.550","20.574","20.475","20.232","20.589","20.664","20.772"
"25.944","20.517","20.653","20.528","20.588","20.643","20.507","20.471","20.570","20.536","20.679","20.689","20.624","20.663","20.698","20.570","20.541","20.540","20.661","20.568","20.594","20.487","20.260","20.601","20.708","20.787"
"26.198","20.524","20.640","20.487","20.592","20.632","20.487","20.432","20.575","20.533","20.654","20.698","20.640","20.671","20.707","20.580","20.574","20.554","20.695","20.580","20.628","20.513","20.300","20.629","20.757","20.814"
"26.452","20.578","20.629","20.512","20.629","20.646","20.518","20.439","20.577","20.552","20.643","20.712","20.640","20.710","20.716","20.577","20.601","20.569","20.707","20.559","20.659","20.528","20.320","20.646","20.753","20.830"
"26.706","20.620","20.639","20.609","20.658","20.693","20.558","20.504","20.605","20.596","20.701","20.782","20.661","20.779","20.765","20.635","20.650","20.648","20.726","20.601","20.724","20.626","20.388","20.716","20.793","20.896"
"26.961","20.601","20.648","20.631","20.619","20.687","20.528","20.489","20.595","20.563","20.703","20.757","20.646","20.771","20.760","20.646","20.625","20.657","20.667","20.611","20.708","20.667","20.383","20.731","20.765","20.812"
"27.215","20.524","20.608","20.575","20.553","20.601","20.481","20.410","20.547","20.487","20.645","20.649","20.584","20.673","20.675","20.579","20.508","20.568","20.577","20.536","20.604","20.597","20.295","20.638","20.665","20.670"
"27.469","20.446","20.520","20.516","20.497","20.535","20.451","20.357","20.497","20.445","20.605","20.611","20.561","20.589","20.602","20.528","20.454","20.526","20.568","20.498","20.565","20.555","20.263","20.559","20.623","20.675"
"27.723","20.460","20.500","20.528","20.511","20.548","20.473","20.390","20.497","20.463","20.602","20.621","20.588","20.600","20.611","20.524","20.474","20.523","20.586","20.516","20.569","20.547","20.275","20.546","20.633","20.719"
"27.977","20.605","20.647","20.649","20.678","20.700","20.609","20.553","20.644","20.611","20.697","20.728","20.669","20.729","20.748","20.635","20.606","20.631","20.678","20.614","20.658","20.613","20.359","20.639","20.732","20.764"
"28.232","20.776","20.883","20.821","20.910","20.920","20.829","20.794","20.903","20.872","20.943","20.963","20.881","20.966","20.992","20.885","20.860","20.864","20.904","20.861","20.925","20.853","20.606","20.902","20.984","21.008"
"28.486","20.756","20.872","20.807","20.870","20.918","20.851","20.790","20.934","20.910","21.002","21.015","20.944","21.016","21.037","20.928","20.894","20.909","20.953","20.917","21.030","20.929","20.680","20.976","21.059","21.120"
"28.740","20.631","20.679","20.661","20.656","20.732","20.655","20.590","20.707","20.684","20.801","20.809","20.774","20.815","20.829","20.708","20.667","20.701","20.747","20.715","20.837","20.723","20.464","20.763","20.832","20.883"
"28.994","20.549","20.536","20.526","20.525","20.610","20.471","20.434","20.521","20.499","20.623","20.612","20.602","20.633","20.660","20.534","20.479","20.537","20.585","20.543","20.649","20.526","20.303","20.589","20.628","20.626"
"29.248","20.488","20.482","20.463","20.513","20.600","20.407","20.412","20.502","20.453","20.604","20.590","20.568","20.610","20.634","20.504","20.468","20.521","20.587","20.523","20.646","20.513","20.303","20.567","20.635","20.622"
"29.503","20.447","20.449","20.432","20.527","20.596","20.402","20.412","20.505","20.457","20.611","20.616","20.571","20.634","20.585","20.506","20.499","20.534","20.580","20.493","20.654","20.526","20.303","20.562","20.635","20.641"
"29.757","20.528","20.509","20.533","20.628","20.665","20.515","20.517","20.604","20.563","20.740","20.722","20.685","20.756","20.638","20.651","20.605","20.650","20.680","20.573","20.732","20.640","20.410","20.672","20.726","20.738"
"30.011","20.602","20.623","20.655","20.764","20.766","20.673","20.664","20.783","20.758","20.946","20.870","20.878","20.938","20.836","20.865","20.803","20.854","20.905","20.811","20.911","20.871","20.648","20.912","20.991","21.038"
"30.265","20.564","20.613","20.610","20.724","20.721","20.623","20.615","20.742","20.723","20.875","20.824","20.830","20.885","20.830","20.821","20.791","20.805","20.871","20.803","20.857","20.866","20.606","20.876","20.982","21.061"
"30.519","20.544","20.567","20.596","20.644","20.658","20.548","20.519","20.649","20.595","20.733","20.739","20.698","20.746","20.737","20.667","20.664","20.645","20.723","20.680","20.711","20.714","20.446","20.708","20.835","20.894"
"30.774","20.533","20.569","20.643","20.655","20.688","20.616","20.564","20.723","20.621","20.795","20.809","20.757","20.798","20.814","20.702","20.739","20.707","20.768","20.751","20.809","20.784","20.530","20.781","20.926","20.957"
"31.028","20.558","20.594","20.667","20.696","20.715","20.696","20.635","20.802","20.674","20.864","20.882","20.867","20.883","20.928","20.822","20.857","20.822","20.877","20.841","20.954","20.927","20.653","20.908","21.055","21.049"
"31.282","20.694","20.696","20.752","20.801","20.801","20.798","20.683","20.866","20.744","20.919","20.960","20.951","20.967","21.053","20.957","20.975","20.861","20.970","20.883","20.982","20.981","20.689","20.980","21.103","21.065"
"31.536","20.537","20.495","20.575","20.626","20.612","20.602","20.449","20.622","20.561","20.705","20.792","20.751","20.796","20.864","20.794","20.815","20.662","20.802","20.700","20.749","20.769","20.474","20.795","20.911","20.902"
"31.790","20.114","20.058","20.145","20.208","20.170","20.170","20.043","20.159","20.154","20.314","20.375","20.355","20.399","20.423","20.394","20.380","20.295","20.375","20.294","20.339","20.352","20.062","20.415","20.521","20.591"
"32.045","19.864","19.826","19.865","19.935","19.858","19.901","19.829","19.871","19.879","20.040","20.015","20.041","20.090","20.071","20.054","19.985","19.986","20.017","19.943","20.042","20.010","19.747","20.096","20.160","20.222"
"32.299","19.762","19.769","19.771","19.816","19.739","19.791","19.770","19.788","19.781","19.952","19.877","19.898","19.959","19.926","19.882","19.828","19.861","19.886","19.819","19.951","19.898","19.657","19.947","19.981","20.062"
"32.553","19.548","19.568","19.570","19.609","19.575","19.598","19.574","19.621","19.568","19.774","19.718","19.707","19.792","19.758","19.702","19.677","19.722","19.752","19.665","19.818","19.770","19.509","19.774","19.838","19.928"
"32.807","19.370","19.367","19.369","19.404","19.391","19.364","19.319","19.416","19.308","19.513","19.476","19.434","19.533","19.502","19.445","19.445","19.451","19.515","19.405","19.577","19.531","19.242","19.503","19.601","19.590"
"33.061","19.450","19.430","19.456","19.455","19.431","19.374","19.352","19.462","19.345","19.500","19.469","19.434","19.507","19.508","19.439","19.437","19.416","19.529","19.405","19.539","19.506","19.235","19.476","19.580","19.509"
"33.315","19.676","19.644","19.698","19.700","19.664","19.607","19.590","19.697","19.605","19.733","19.697","19.730","19.755","19.785","19.718","19.727","19.715","19.793","19.671","19.788","19.765","19.485","19.774","19.835","19.878"
"33.570","19.616","19.574","19.650","19.653","19.650","19.555","19.549","19.636","19.575","19.680","19.625","19.704","19.702","19.711","19.684","19.709","19.696","19.737","19.650","19.757","19.712","19.439","19.753","19.780","19.907"
"33.824","19.219","19.213","19.292","19.341","19.322","19.195","19.199","19.278","19.199","19.341","19.280","19.345","19.358","19.299","19.296","19.322","19.312","19.373","19.322","19.398","19.330","19.088","19.353","19.406","19.553"
"34.078","18.831","18.866","18.901","18.984","18.931","18.839","18.845","18.872","18.808","18.995","18.942","18.975","19.026","18.922","18.911","18.918","18.929","19.018","18.946","19.041","18.963","18.758","18.960","19.080","19.212"
"34.332","18.738","18.793","18.767","18.848","18.775","18.739","18.744","18.732","18.703","18.862","18.855","18.845","18.901","18.830","18.829","18.795","18.804","18.883","18.797","18.933","18.856","18.644","18.831","18.980","19.085"
"34.586","18.716","18.771","18.683","18.773","18.727","18.705","18.701","18.713","18.702","18.812","18.793","18.793","18.829","18.794","18.792","18.743","18.775","18.826","18.717","18.872","18.808","18.562","18.793","18.923","18.993"
"34.841","18.642","18.680","18.616","18.730","18.683","18.662","18.660","18.699","18.678","18.775","18.730","18.793","18.772","18.770","18.731","18.714","18.761","18.815","18.697","18.849","18.791","18.523","18.797","18.923","18.975"
"35.095","18.681","18.658","18.670","18.774","18.695","18.694","18.661","18.710","18.680","18.764","18.758","18.821","18.791","18.779","18.699","18.763","18.741","18.819","18.732","18.852","18.808","18.547","18.799","18.929","19.008"
"35.349","18.830","18.790","18.845","18.915","18.834","18.828","18.795","18.850","18.809","18.907","18.890","18.915","18.959","18.896","18.839","18.896","18.871","18.929","18.868","18.985","18.930","18.694","18.904","19.027","19.150"
"35.603","18.885","18.889","18.933","19.015","18.941","18.931","18.946","19.005","18.920","19.052","19.002","19.020","19.121","19.026","18.993","19.037","19.015","19.080","19.045","19.179","19.101","18.862","19.074","19.196","19.327"
"35.857","18.898","18.885","18.899","18.997","18.929","18.882","18.911","18.984","18.873","19.034","18.963","18.974","19.092","18.994","18.966","18.996","18.975","19.041","19.026","19.145","19.073","18.821","19.072","19.170","19.316"
"36.112","18.913","18.845","18.875","18.938","18.908","18.830","18.826","18.928","18.857","18.976","18.902","18.862","18.999","18.925","18.900","18.837","18.890","18.917","18.882","18.999","18.913","18.696","18.946","19.011","19.176"
"36.366","18.851","18.802","18.842","18.908","18.870","18.778","18.772","18.882","18.898","18.987","18.874","18.849","18.932","18.929","18.869","18.764","18.858","18.850","18.837","18.942","18.840","18.654","18.883","18.939","19.063"
"36.620","18.779","18.761","18.754","18.861","18.791","18.688","18.680","18.787","18.821","18.924","18.796","18.809","18.819","18.824","18.772","18.700","18.768","18.787","18.791","18.907","18.800","18.596","18.809","18.876","18.940"
"36.874","18.766","18.779","18.744","18.860","18.762","18.659","18.649","18.759","18.744","18.844","18.706","18.722","18.743","18.727","18.686","18.635","18.687","18.757","18.735","18.843","18.743","18.533","18.722","18.817","18.882"
"37.128","18.793","18.799","18.821","18.893","18.780","18.714","18.707","18.790","18.758","18.847","18.703","18.715","18.760","18.773","18.703","18.656","18.710","18.800","18.747","18.833","18.741","18.523","18.730","18.834","18.918"
"37.383","18.799","18.743","18.847","18.869","18.798","18.732","18.731","18.778","18.771","18.823","18.723","18.718","18.761","18.787","18.728","18.677","18.737","18.811","18.754","18.828","18.704","18.503","18.746","18.858","18.876"
"37.637","18.765","18.711","18.825","18.795","18.773","18.720","18.669","18.764","18.765","18.772","18.724","18.700","18.745","18.736","18.698","18.636","18.754","18.787","18.762","18.817","18.690","18.481","18.745","18.848","18.868"
"37.891","18.718","18.722","18.766","18.734","18.726","18.699","18.580","18.755","18.718","18.712","18.702","18.699","18.703","18.680","18.628","18.588","18.731","18.742","18.738","18.797","18.693","18.451","18.700","18.784","18.901"
"38.145","18.749","18.771","18.756","18.749","18.740","18.681","18.591","18.785","18.705","18.709","18.694","18.700","18.697","18.693","18.610","18.576","18.700","18.741","18.762","18.811","18.673","18.439","18.677","18.761","18.935"
"38.399","18.785","18.807","18.808","18.796","18.790","18.717","18.649","18.811","18.738","18.756","18.709","18.694","18.736","18.740","18.654","18.619","18.686","18.756","18.786","18.872","18.679","18.465","18.718","18.799","18.870"
"38.654","18.828","18.850","18.862","18.867","18.825","18.800","18.702","18.835","18.805","18.834","18.780","18.760","18.829","18.807","18.742","18.709","18.757","18.800","18.788","18.917","18.751","18.550","18.832","18.880","18.839"
"38.908","18.907","18.903","18.890","18.957","18.843","18.865","18.762","18.884","18.877","18.897","18.866","18.841","18.894","18.879","18.834","18.777","18.816","18.874","18.849","18.937","18.787","18.631","18.912","18.950","18.937"
"39.162","18.925","18.900","18.905","19.004","18.869","18.895","18.780","18.959","18.914","18.956","18.930","18.891","18.942","18.915","18.889","18.798","18.860","18.939","18.922","18.966","18.848","18.694","18.950","18.990","19.038"
"39.416","18.908","18.876","18.927","18.986","18.888","18.868","18.769","18.988","18.917","18.954","18.920","18.871","18.963","18.881","18.889","18.761","18.869","18.931","18.888","18.948","18.869","18.676","18.958","18.981","18.997"
"39.670","18.914","18.894","18.998","18.973","18.910","18.865","18.799","18.974","18.954","18.938","18.855","18.837","18.951","18.862","18.848","18.730","18.828","18.899","18.855","18.926","18.815","18.602","18.948","18.958","18.999"
"39.925","18.863","18.898","19.007","18.937","18.893","18.848","18.817","18.925","18.924","18.909","18.765","18.795","18.899","18.835","18.804","18.696","18.792","18.874","18.859","18.940","18.765","18.555","18.924","18.925","19.027"
"40.179","18.828","18.879","18.938","18.886","18.843","18.781","18.763","18.873","18.838","18.852","18.702","18.753","18.852","18.772","18.744","18.656","18.725","18.841","18.805","18.869","18.759","18.544","18.838","18.880","19.009"
"40.433","18.814","18.868","18.888","18.850","18.819","18.728","18.701","18.830","18.781","18.792","18.701","18.706","18.844","18.747","18.696","18.672","18.656","18.808","18.736","18.831","18.769","18.509","18.789","18.836","18.989"
"40.687","18.826","18.889","18.875","18.863","18.827","18.744","18.697","18.820","18.769","18.775","18.715","18.704","18.828","18.771","18.721","18.686","18.644","18.802","18.741","18.875","18.782","18.473","18.767","18.784","18.974"
"40.941","18.899","18.947","18.903","18.941","18.861","18.815","18.745","18.885","18.787","18.793","18.731","18.733","18.803","18.822","18.784","18.683","18.657","18.819","18.806","18.931","18.768","18.512","18.787","18.773","18.973"
"41.196","18.925","18.936","18.900","18.977","18.878","18.809","18.744","18.943","18.800","18.817","18.746","18.752","18.819","18.848","18.781","18.704","18.675","18.837","18.831","18.953","18.747","18.569","18.837","18.837","18.988"
"41.450","18.925","18.943","18.897","18.999","18.892","18.780","18.713","18.966","18.823","18.853","18.765","18.760","18.862","18.835","18.758","18.719","18.700","18.886","18.823","18.946","18.768","18.561","18.857","18.889","19.018"
"41.704","18.981","19.015","18.945","19.034","18.934","18.867","18.749","19.026","18.898","18.900","18.821","18.774","18.914","18.874","18.787","18.733","18.755","18.927","18.868","18.968","18.807","18.553","18.855","18.882","19.077"
"41.958","19.035","19.056","18.999","19.036","18.957","18.932","18.801","19.045","18.956","18.910","18.872","18.832","18.940","18.952","18.827","18.754","18.819","18.963","18.929","19.011","18.854","18.626","18.901","18.923","19.065"
"42.212","19.032","19.048","19.034","19.020","18.961","18.940","18.826","19.016","18.956","18.940","18.881","18.852","18.962","18.964","18.869","18.809","18.873","18.970","18.974","19.008","18.863","18.679","18.942","18.978","19.014"
"42.467","18.981","19.022","19.057","19.011","18.972","18.955","18.829","18.967","18.986","18.965","18.897","18.862","18.990","18.950","18.901","18.857","18.918","18.984","19.007","19.033","18.888","18.699","18.971","18.998","19.061"
"42.721","18.931","18.992","19.019","19.006","18.950","18.948","18.780","18.907","18.939","18.926","18.881","18.862","18.961","18.909","18.872","18.814","18.883","18.949","18.941","19.037","18.895","18.686","18.926","18.988","19.088"
"42.975","18.955","18.984","19.015","19.007","18.915","18.911","18.764","18.897","18.875","18.864","18.854","18.803","18.929","18.869","18.798","18.762","18.832","18.897","18.859","18.977","18.838","18.634","18.860","18.960","19.022"
"43.229","19.012","18.968","19.029","19.021","18.921","18.920","18.805","18.941","18.916","18.878","18.861","18.762","18.912","18.874","18.748","18.751","18.809","18.885","18.883","18.958","18.833","18.624","18.863","18.944","18.965"
"43.483","19.035","18.973","19.023","19.021","18.936","18.929","18.818","18.941","18.946","18.914","18.883","18.790","18.884","18.868","18.758","18.783","18.816","18.889","18.912","18.986","18.878","18.651","18.904","18.932","18.941"
"43.738","19.065","19.033","19.065","19.064","19.012","18.966","18.861","18.994","18.975","18.995","18.953","18.882","18.926","18.949","18.894","18.899","18.900","18.972","18.991","19.062","18.948","18.694","18.971","19.014","19.091"
"43.992","19.095","19.109","19.156","19.155","19.084","19.041","18.942","19.114","19.081","19.114","19.049","19.014","19.048","19.099","19.055","19.038","19.024","19.112","19.133","19.169","19.081","18.798","19.098","19.199","19.349"
"44.246","19.079","19.079","19.146","19.109","19.063","19.027","18.921","19.090","19.051","19.117","19.062","19.001","19.060","19.118","18.992","19.049","19.030","19.125","19.129","19.179","19.095","18.821","19.107","19.241","19.341"
"44.500","19.052","19.029","19.085","19.011","19.017","18.925","18.846","18.982","18.936","19.050","18.986","18.861","18.977","19.020","18.868","18.932","18.932","19.029","19.004","19.055","18.999","18.715","18.990","19.110","19.143"
"44.754","18.989","19.017","19.053","18.999","18.994","18.856","18.818","18.959","18.903","19.016","18.920","18.804","18.926","18.921","18.856","18.826","18.863","18.964","18.934","18.976","18.927","18.664","18.929","18.998","19.064"
"45.009","18.941","18.999","19.015","19.029","18.950","18.826","18.799","18.958","18.932","18.977","18.897","18.807","18.945","18.877","18.869","18.801","18.854","18.918","18.893","18.989","18.897","18.687","18.898","18.958","19.012"
"45.263","19.005","19.026","19.025","19.091","18.972","18.877","18.841","18.972","18.961","18.946","18.917","18.829","18.964","18.915","18.868","18.829","18.887","18.917","18.925","19.047","18.920","18.728","18.919","18.988","18.994"
"45.517","19.074","19.051","19.077","19.115","19.025","18.961","18.921","19.027","18.969","19.020","18.951","18.853","18.991","19.034","18.907","18.894","18.947","19.008","19.005","19.129","18.982","18.789","18.969","19.088","19.084"
"45.771","19.027","19.040","19.087","19.063","19.003","18.983","18.919","19.037","18.936","19.079","18.961","18.862","18.993","19.066","18.935","18.919","18.967","19.048","19.011","19.135","19.023","18.798","18.982","19.112","19.154"
"46.025","19.015","19.052","19.084","19.026","18.945","18.958","18.891","19.045","18.921","19.051","18.930","18.857","18.986","19.010","18.919","18.886","18.953","19.015","18.970","19.091","18.982","18.752","18.991","19.020","19.134"
"46.280","19.078","19.106","19.138","19.102","19.013","19.005","18.968","19.118","19.012","19.088","18.984","18.908","19.014","19.023","18.957","18.882","18.994","19.026","19.028","19.117","18.962","18.786","19.066","19.060","19.205"
"46.534","19.075","19.103","19.159","19.175","19.109","19.041","19.049","19.159","19.105","19.158","19.058","18.995","19.084","19.110","19.016","18.935","19.038","19.112","19.126","19.202","19.031","18.872","19.141","19.195","19.384"
"46.788","19.023","19.059","19.102","19.145","19.104","19.029","19.005","19.097","19.089","19.091","19.034","18.987","19.075","19.095","18.986","18.926","19.017","19.085","19.111","19.196","19.056","18.863","19.109","19.192","19.387"
"47.042","19.092","19.099","19.124","19.127","19.108","19.064","18.990","19.120","19.115","19.077","19.053","19.002","19.100","19.115","19.017","18.958","19.048","19.106","19.111","19.216","19.102","18.908","19.136","19.205","19.321"
"47.296","19.175","19.169","19.193","19.155","19.173","19.128","19.043","19.228","19.192","19.184","19.129","19.119","19.211","19.250","19.133","19.065","19.133","19.231","19.202","19.308","19.212","19.013","19.251","19.305","19.334"
"47.551","19.218","19.203","19.219","19.194","19.186","19.144","19.068","19.222","19.196","19.219","19.169","19.127","19.222","19.309","19.166","19.057","19.109","19.270","19.197","19.305","19.225","18.990","19.253","19.295","19.319"
"47.805","19.234","19.237","19.227","19.225","19.157","19.147","19.059","19.152","19.174","19.183","19.145","19.052","19.121","19.253","19.129","18.980","19.013","19.227","19.127","19.223","19.145","18.867","19.181","19.202","19.281"
"48.059","19.147","19.201","19.171","19.175","19.110","19.075","19.007","19.094","19.084","19.133","19.068","18.973","19.033","19.120","19.022","18.927","18.961","19.131","19.059","19.120","19.027","18.774","19.051","19.112","19.116"
"48.313","19.041","19.059","19.042","19.032","18.978","18.932","18.910","19.010","18.897","19.019","18.944","18.826","18.956","18.958","18.874","18.823","18.918","18.991","18.944","18.985","18.905","18.719","18.926","19.011","18.905"
"48.567","19.055","19.025","19.021","19.036","18.927","18.916","18.924","19.026","18.867","18.992","18.924","18.777","18.960","18.950","18.860","18.783","18.928","18.961","18.940","18.983","18.948","18.712","18.950","18.997","18.920"
"48.822","19.087","19.081","19.092","19.127","18.968","19.002","19.001","19.122","18.988","19.094","19.013","18.892","19.024","19.066","18.972","18.879","19.027","19.045","19.074","19.102","19.114","18.833","19.094","19.091","19.122"
"49.076","19.073","19.111","19.083","19.127","18.964","18.994","18.986","19.090","19.036","19.122","19.055","18.962","19.014","19.075","18.985","18.937","19.049","19.076","19.112","19.161","19.136","18.874","19.119","19.136","19.239"
"49.330","19.077","19.070","19.054","19.110","18.955","18.928","18.921","19.040","18.998","19.047","19.026","18.896","18.962","19.009","18.906","18.888","18.964","19.024","19.034","19.134","19.027","18.803","19.027","19.091","19.136"
"49.584","19.030","19.013","19.010","19.084","18.936","18.897","18.904","19.036","18.973","19.000","18.908","18.824","18.914","18.985","18.851","18.815","18.874","18.975","18.993","19.117","18.946","18.728","18.981","19.081","19.059"
"49.838","18.937","18.964","18.896","19.011","18.862","18.836","18.851","18.976","18.928","18.955","18.796","18.756","18.862","18.944","18.797","18.770","18.806","18.896","18.942","19.054","18.909","18.663","18.928","19.041","19.036"
"50.093","18.959","18.988","18.924","19.018","18.866","18.835","18.859","18.963","18.957","18.995","18.817","18.754","18.869","18.910","18.814","18.770","18.809","18.880","18.917","19.023","18.931","18.692","18.899","19.024","18.999"
"50.347","19.020","19.085","19.064","19.103","18.950","18.941","18.961","19.096","19.033","19.102","18.904","18.801","18.943","18.982","18.873","18.836","18.918","18.970","19.004","19.085","18.980","18.795","18.962","19.098","19.049"
"50.601","18.977","19.049","19.069","19.080","18.929","18.939","18.952","19.126","18.990","19.073","18.907","18.799","18.926","18.971","18.854","18.841","18.934","18.984","19.056","19.119","18.953","18.777","18.950","19.083","19.109"
"50.855","18.962","18.950","18.966","18.976","18.849","18.840","18.852","19.006","18.900","18.949","18.864","18.777","18.876","18.876","18.786","18.786","18.847","18.921","18.980","19.067","18.863","18.671","18.864","19.001","19.049"
"51.109","19.022","18.957","18.960","18.966","18.860","18.849","18.858","18.979","18.911","18.920","18.860","18.754","18.882","18.882","18.780","18.758","18.839","18.903","18.919","19.024","18.821","18.621","18.862","18.985","18.959"
"51.364","19.002","18.986","18.968","18.957","18.883","18.892","18.867","18.994","18.919","18.957","18.846","18.740","18.902","18.927","18.785","18.738","18.843","18.909","18.903","19.013","18.850","18.628","18.883","18.973","18.875"
"51.618","18.941","18.968","18.937","18.918","18.863","18.872","18.814","18.943","18.866","18.920","18.788","18.706","18.914","18.920","18.792","18.721","18.791","18.865","18.889","19.000","18.866","18.645","18.859","18.917","18.858"
"51.872","18.960","18.988","18.975","18.953","18.870","18.869","18.814","18.966","18.884","18.944","18.755","18.698","18.917","18.942","18.824","18.717","18.790","18.862","18.905","18.997","18.878","18.674","18.847","18.926","19.023"
"52.126","19.000","18.986","19.008","18.969","18.895","18.870","18.842","19.010","18.940","18.986","18.789","18.752","18.902","18.943","18.828","18.740","18.808","18.878","18.932","19.011","18.902","18.678","18.852","18.947","19.047"
"52.380","19.027","18.987","19.020","18.957","18.885","18.854","18.833","18.991","18.935","18.971","18.852","18.775","18.889","18.945","18.831","18.773","18.816","18.854","18.923","19.005","18.891","18.663","18.836","18.944","18.935"
"52.635","19.022","19.026","19.026","18.961","18.907","18.874","18.838","18.981","18.937","18.939","18.865","18.775","18.873","18.945","18.837","18.775","18.814","18.837","18.914","18.985","18.840","18.643","18.809","18.940","18.888"
"52.889","18.948","19.000","18.987","18.908","18.903","18.856","18.798","18.948","18.904","18.873","18.849","18.727","18.835","18.882","18.802","18.735","18.815","18.816","18.883","18.959","18.839","18.605","18.765","18.911","18.859"
"53.143","18.914","18.961","18.970","18.906","18.864","18.825","18.780","18.925","18.880","18.868","18.843","18.680","18.826","18.857","18.788","18.692","18.848","18.849","18.864","18.976","18.877","18.614","18.742","18.886","18.901"
"53.397","18.998","19.005","19.006","18.950","18.879","18.858","18.840","18.980","18.895","18.958","18.843","18.709","18.877","18.939","18.829","18.732","18.869","18.914","18.935","19.036","18.912","18.675","18.807","18.927","18.969"
"53.651","19.027","19.020","19.003","18.976","18.927","18.889","18.845","18.989","18.882","18.994","18.828","18.740","18.896","18.948","18.861","18.775","18.857","18.935","18.969","19.038","18.909","18.681","18.881","18.955","18.994"
"53.906","19.083","19.044","19.044","19.027","18.976","18.900","18.825","18.996","18.932","18.968","18.855","18.762","18.898","18.950","18.879","18.793","18.857","18.947","18.952","19.065","18.928","18.671","18.905","18.969","19.012"
"54.160","19.142","19.094","19.109","19.053","19.004","18.934","18.851","19.038","19.026","18.975","18.908","18.811","18.922","18.997","18.902","18.808","18.860","18.978","18.970","19.136","18.978","18.677","18.899","19.005","18.999"
"54.414","19.102","19.066","19.116","19.009","18.987","18.930","18.886","19.034","19.003","18.960","18.930","18.833","18.915","18.978","18.905","18.803","18.846","18.962","18.961","19.140","18.968","18.676","18.877","19.012","18.964"
"54.668","19.053","19.027","19.106","19.000","18.970","18.916","18.899","19.045","18.940","18.964","18.935","18.842","18.920","18.945","18.868","18.788","18.846","18.926","18.966","19.114","18.923","18.672","18.860","18.972","18.940"
"54.922","19.066","19.019","19.122","19.039","18.977","18.932","18.892","19.083","18.950","18.988","18.944","18.869","18.945","18.986","18.842","18.801","18.877","18.948","18.992","19.106","18.942","18.678","18.857","18.974","19.000"
"55.177","19.079","19.021","19.090","19.049","18.952","18.915","18.883","19.071","18.942","18.998","18.912","18.853","18.957","18.974","18.854","18.815","18.890","18.956","18.971","19.073","18.951","18.708","18.852","18.997","19.036"
"55.431","19.111","19.045","19.049","19.054","18.955","18.883","18.918","19.049","18.974","19.013","18.900","18.784","18.944","18.937","18.855","18.797","18.874","18.959","18.967","19.066","18.930","18.713","18.861","19.007","19.010"
"55.685","19.122","19.041","19.021","19.041","18.965","18.877","18.945","19.017","18.973","19.035","18.853","18.737","18.915","18.929","18.816","18.761","18.833","18.973","18.961","19.059","18.904","18.693","18.841","19.006","18.971"
"55.939","19.125","19.027","19.002","19.026","18.944","18.897","18.909","18.981","18.930","19.002","18.807","18.751","18.893","18.944","18.773","18.754","18.822","18.971","18.932","19.011","18.894","18.691","18.819","19.008","18.929"
"56.193","19.170","19.101","19.043","19.045","18.994","18.945","18.919","19.014","18.957","18.980","18.858","18.800","18.939","19.000","18.828","18.793","18.846","19.020","18.962","19.045","18.915","18.726","18.819","19.025","18.950"
"56.448","19.179","19.165","19.122","19.075","19.057","18.998","18.948","19.047","19.016","19.034","18.939","18.858","18.992","19.051","18.903","18.816","18.896","19.099","19.058","19.148","18.991","18.792","18.900","19.060","19.063"
"56.702","19.171","19.167","19.128","19.087","19.031","19.001","18.923","19.047","19.015","19.069","18.943","18.874","18.992","19.009","18.907","18.813","18.939","19.091","19.084","19.177","18.980","18.794","18.948","19.056","19.126"
"56.956","19.196","19.167","19.131","19.109","19.001","18.981","18.965","19.073","19.018","19.070","18.944","18.865","18.969","18.992","18.900","18.810","18.962","19.068","19.059","19.142","18.928","18.764","18.945","19.031","19.078"
"57.210","19.166","19.159","19.131","19.099","18.998","18.990","19.010","19.101","19.039","19.051","18.987","18.869","18.947","19.023","18.898","18.815","18.957","19.071","19.054","19.111","18.923","18.765","18.963","19.035","19.046"
"57.464","19.140","19.134","19.101","19.061","18.996","18.999","18.993","19.095","19.042","19.007","18.991","18.854","18.899","19.041","18.862","18.825","18.896","19.030","19.025","19.112","18.942","18.768","18.972","19.031","18.993"
"57.719","19.214","19.213","19.171","19.114","19.038","19.079","19.033","19.176","19.114","19.061","19.003","18.886","18.965","19.101","18.928","18.881","18.931","19.057","19.044","19.165","19.032","18.817","19.011","19.105","19.021"
"57.973","19.236","19.289","19.236","19.167","19.090","19.117","19.092","19.244","19.175","19.142","19.054","18.952","19.068","19.139","18.988","18.946","18.976","19.135","19.114","19.205","19.139","18.887","19.071","19.209","19.087"
"58.227","19.208","19.256","19.201","19.140","19.071","19.086","19.047","19.182","19.103","19.137","19.060","18.943","19.070","19.101","18.961","18.942","18.933","19.103","19.111","19.143","19.133","18.872","19.056","19.198","19.117"
"58.481","19.243","19.227","19.214","19.150","19.063","19.093","19.015","19.160","19.067","19.124","19.039","18.922","19.039","19.085","18.934","18.906","18.930","19.065","19.117","19.105","19.085","18.847","19.009","19.104","19.129"
"58.735","19.234","19.216","19.200","19.121","19.052","19.112","19.016","19.181","19.079","19.126","19.020","18.938","19.044","19.080","18.946","18.882","18.966","19.081","19.138","19.141","19.048","18.845","19.000","19.055","19.188"
"58.990","19.176","19.210","19.156","19.083","18.994","19.068","18.999","19.154","19.062","19.073","18.987","18.939","19.053","19.015","18.933","18.865","18.960","19.070","19.098","19.152","18.986","18.829","19.001","19.034","19.170"
"59.244","19.205","19.223","19.175","19.107","18.984","19.085","19.030","19.195","19.092","19.067","18.966","18.903","19.032","18.994","18.950","18.870","18.974","19.073","19.080","19.161","18.989","18.812","18.992","19.040","19.111"
"59.498","19.209","19.205","19.171","19.131","19.015","19.116","19.043","19.214","19.125","19.071","18.980","18.916","19.004","19.026","18.972","18.852","19.004","19.095","19.113","19.192","19.055","18.830","18.988","19.085","19.063"
"59.752","19.175","19.166","19.108","19.073","19.005","19.068","18.980","19.124","19.085","19.025","18.977","18.962","18.971","19.010","18.944","18.833","18.980","19.073","19.109","19.183","19.061","18.813","18.990","19.084","19.041"
"60.006","19.196","19.215","19.103","19.046","19.008","19.079","18.975","19.131","19.070","19.048","19.031","18.997","18.974","19.019","18.962","18.867","18.984","19.072","19.142","19.187","19.040","18.817","19.030","19.112","19.108"
"60.261","19.226","19.281","19.140","19.108","19.067","19.118","19.014","19.184","19.112","19.128","19.110","19.028","19.040","19.055","19.008","18.922","19.027","19.139","19.217","19.241","19.058","18.880","19.095","19.172","19.200"
"60.515","19.267","19.315","19.182","19.143","19.149","19.130","19.056","19.199","19.153","19.152","19.126","19.041","19.119","19.087","19.001","18.929","19.059","19.184","19.253","19.241","19.069","18.948","19.087","19.168","19.184"
"60.769","19.341","19.373","19.275","19.218","19.224","19.215","19.167","19.297","19.255","19.233","19.176","19.071","19.183","19.169","19.059","19.008","19.104","19.223","19.304","19.279","19.132","19.012","19.146","19.208","19.143"
"61.023","19.325","19.391","19.305","19.272","19.233","19.253","19.227","19.369","19.302","19.317","19.243","19.100","19.188","19.195","19.160","19.089","19.131","19.268","19.339","19.352","19.199","19.049","19.230","19.280","19.244"
"61.277","19.232","19.352","19.221","19.232","19.167","19.200","19.191","19.283","19.199","19.246","19.173","19.065","19.108","19.106","19.136","19.045","19.103","19.206","19.279","19.313","19.170","19.003","19.201","19.266","19.317"
"61.532","19.223","19.350","19.170","19.194","19.108","19.156","19.126","19.200","19.092","19.131","19.080","18.963","19.038","19.052","18.997","18.954","19.032","19.109","19.197","19.199","19.060","18.878","19.107","19.191","19.251"
"61.786","19.252","19.346","19.221","19.207","19.107","19.154","19.114","19.255","19.112","19.142","19.045","18.959","19.050","19.102","18.971","18.936","19.036","19.110","19.229","19.177","19.051","18.876","19.095","19.173","19.305"
"62.040","19.217","19.253","19.210","19.162","19.114","19.093","19.073","19.237","19.103","19.142","19.002","18.971","19.075","19.090","18.981","18.930","19.026","19.130","19.239","19.199","19.066","18.902","19.095","19.158","19.285"
"62.294","19.217","19.217","19.208","19.132","19.099","19.056","19.044","19.202","19.110","19.140","19.002","18.952","19.054","19.034","18.954","18.894","18.960","19.108","19.167","19.220","19.021","18.854","19.064","19.101","19.102"
"62.548","19.235","19.271","19.258","19.153","19.095","19.094","19.091","19.247","19.179","19.174","19.046","18.951","19.049","19.061","19.016","18.920","18.947","19.135","19.183","19.270","19.007","18.857","19.079","19.108","19.094"
"62.803","19.187","19.283","19.236","19.101","19.066","19.112","19.098","19.228","19.177","19.143","19.050","18.952","19.026","19.095","19.047","18.959","18.985","19.136","19.182","19.268","19.030","18.902","19.108","19.132","19.219"
"63.057","19.184","19.273","19.175","19.055","19.052","19.080","19.075","19.185","19.149","19.122","19.036","18.954","18.990","19.062","19.008","18.948","19.030","19.119","19.160","19.210","19.025","18.879","19.079","19.110","19.195"
"63.311","19.265","19.324","19.223","19.153","19.129","19.155","19.150","19.280","19.211","19.195","19.098","19.026","19.058","19.121","19.012","18.967","19.112","19.206","19.266","19.290","19.050","18.919","19.111","19.155","19.129"
"63.565","19.267","19.337","19.270","19.201","19.189","19.200","19.201","19.325","19.250","19.254","19.186","19.080","19.150","19.195","19.053","18.991","19.171","19.297","19.348","19.398","19.126","19.031","19.228","19.246","19.233"
"63.819","19.237","19.318","19.230","19.144","19.161","19.146","19.108","19.231","19.199","19.223","19.143","19.054","19.131","19.161","19.057","18.967","19.143","19.236","19.298","19.349","19.135","19.024","19.207","19.228","19.299"
"64.074","19.294","19.350","19.251","19.197","19.158","19.151","19.101","19.218","19.207","19.230","19.097","19.034","19.100","19.160","19.065","18.986","19.090","19.193","19.306","19.267","19.134","18.974","19.127","19.222","19.252"
"64.328","19.370","19.345","19.325","19.272","19.193","19.201","19.155","19.295","19.269","19.276","19.102","19.059","19.129","19.198","19.110","19.026","19.103","19.225","19.342","19.281","19.132","18.981","19.121","19.265","19.167"
"64.582","19.402","19.292","19.345","19.262","19.204","19.201","19.126","19.339","19.278","19.280","19.095","19.041","19.111","19.167","19.118","19.016","19.123","19.204","19.290","19.285","19.093","18.957","19.119","19.220","19.119"
"64.836","19.408","19.265","19.375","19.245","19.206","19.227","19.120","19.345","19.251","19.268","19.109","19.038","19.095","19.142","19.119","18.990","19.121","19.171","19.274","19.258","19.101","18.924","19.132","19.164","19.162"
"65.090","19.361","19.281","19.366","19.245","19.204","19.270","19.127","19.296","19.211","19.244","19.123","19.034","19.128","19.169","19.118","19.005","19.100","19.206","19.297","19.245","19.134","18.927","19.152","19.210","19.192"
"65.345","19.343","19.327","19.342","19.230","19.195","19.245","19.131","19.274","19.216","19.261","19.092","19.012","19.140","19.187","19.082","19.023","19.091","19.211","19.313","19.252","19.142","18.947","19.151","19.279","19.204"
"65.599","19.369","19.365","19.382","19.258","19.233","19.259","19.212","19.332","19.294","19.344","19.104","19.038","19.143","19.243","19.086","19.065","19.142","19.260","19.362","19.339","19.175","19.001","19.227","19.317","19.254"
"65.853","19.357","19.335","19.384","19.242","19.239","19.268","19.222","19.312","19.293","19.346","19.130","19.076","19.138","19.253","19.113","19.066","19.160","19.299","19.375","19.417","19.204","19.048","19.297","19.311","19.258"
"66.107","19.314","19.302","19.333","19.192","19.194","19.224","19.145","19.233","19.229","19.269","19.122","19.049","19.110","19.180","19.099","19.017","19.122","19.245","19.299","19.396","19.171","19.007","19.260","19.234","19.209"
"66.361","19.343","19.335","19.337","19.230","19.173","19.230","19.159","19.256","19.249","19.266","19.145","19.039","19.130","19.145","19.107","19.031","19.126","19.222","19.302","19.352","19.123","18.991","19.217","19.183","19.197"
"66.616","19.384","19.344","19.342","19.278","19.143","19.214","19.163","19.256","19.248","19.273","19.152","19.050","19.120","19.154","19.110","19.061","19.142","19.229","19.284","19.335","19.094","18.990","19.214","19.199","19.205"
"66.870","19.368","19.322","19.321","19.259","19.123","19.198","19.124","19.240","19.200","19.252","19.132","19.056","19.074","19.160","19.102","19.049","19.112","19.222","19.257","19.327","19.117","18.960","19.203","19.207","19.194"
"67.124","19.368","19.350","19.352","19.287","19.182","19.260","19.171","19.286","19.229","19.277","19.136","19.062","19.109","19.166","19.105","19.078","19.115","19.245","19.314","19.357","19.194","18.966","19.196","19.238","19.261"
"67.378","19.369","19.382","19.386","19.306","19.230","19.287","19.226","19.299","19.274","19.270","19.138","19.059","19.150","19.158","19.126","19.110","19.143","19.285","19.348","19.369","19.194","18.973","19.230","19.265","19.332"
"67.632","19.352","19.378","19.361","19.265","19.223","19.255","19.213","19.296","19.278","19.236","19.132","19.068","19.131","19.149","19.086","19.087","19.126","19.269","19.289","19.344","19.131","19.003","19.233","19.224","19.296"
"67.887","19.386","19.397","19.383","19.304","19.262","19.266","19.237","19.333","19.328","19.279","19.189","19.119","19.164","19.256","19.094","19.098","19.144","19.303","19.328","19.395","19.150","19.063","19.255","19.258","19.353"
"68.141","19.464","19.440","19.467","19.373","19.359","19.334","19.288","19.421","19.401","19.371","19.273","19.175","19.253","19.357","19.209","19.205","19.227","19.374","19.417","19.471","19.245","19.138","19.350","19.302","19.459"
"68.395","19.492","19.452","19.488","19.371","19.350","19.353","19.287","19.439","19.389","19.404","19.272","19.143","19.284","19.326","19.237","19.236","19.248","19.364","19.427","19.431","19.243","19.146","19.352","19.283","19.399"
"68.649","19.499","19.480","19.483","19.386","19.326","19.368","19.314","19.430","19.383","19.415","19.232","19.105","19.296","19.302","19.207","19.193","19.233","19.348","19.404","19.417","19.205","19.133","19.323","19.291","19.250"
"68.903","19.446","19.443","19.440","19.349","19.274","19.315","19.254","19.366","19.333","19.348","19.152","19.052","19.234","19.272","19.154","19.103","19.193","19.285","19.368","19.365","19.163","19.064","19.264","19.244","19.191"
"69.158","19.371","19.365","19.343","19.238","19.195","19.220","19.094","19.243","19.204","19.198","19.047","18.958","19.121","19.167","19.080","18.962","19.088","19.156","19.297","19.247","19.070","18.942","19.150","19.119","19.200"
"69.412","19.322","19.279","19.198","19.087","19.104","19.118","18.948","19.122","19.075","19.047","18.915","18.846","19.019","19.007","18.947","18.880","18.968","18.978","19.143","19.081","18.934","18.804","19.017","19.014","19.092"
"69.666","19.198","19.067","18.973","18.891","18.912","18.898","18.712","18.859","18.838","18.795","18.614","18.683","18.802","18.744","18.703","18.722","18.786","18.677","18.805","18.742","18.683","18.582","18.782","18.781","18.790"
"69.920","18.923","18.726","18.639","18.525","18.495","18.463","18.202","18.255","18.366","18.310","18.125","18.335","18.298","18.259","18.265","18.327","18.362","18.146","18.210","18.231","18.280","18.175","18.395","18.321","18.368"
"70.174","18.590","18.374","18.256","18.076","18.021","17.971","17.611","17.639","17.869","17.782","17.652","17.950","17.807","17.766","17.817","17.858","17.853","17.566","17.697","17.775","17.847","17.745","18.020","17.847","17.933"
"70.429","18.310","18.197","18.055","17.900","17.847","17.766","17.504","17.522","17.711","17.628","17.568","17.812","17.724","17.663","17.726","17.713","17.727","17.441","17.608","17.709","17.720","17.600","17.912","17.719","17.746"
"70.683","18.228","18.235","18.128","18.055","17.982","17.898","17.792","17.777","17.873","17.856","17.836","17.940","17.958","17.880","17.941","17.906","17.935","17.738","17.846","17.953","17.910","17.766","18.065","17.951","17.909"
"70.937","18.253","18.268","18.215","18.194","18.094","18.057","17.960","17.991","18.014","18.057","18.045","18.054","18.114","18.021","18.061","18.063","18.091","17.993","18.049","18.159","18.062","17.932","18.169","18.130","18.099"
"71.191","18.124","18.081","18.058","17.993","17.950","17.901","17.820","17.850","17.846","17.893","17.906","17.932","17.945","17.873","17.839","17.834","17.927","17.909","17.931","17.990","17.894","17.744","17.991","17.978","17.961"
"71.445","17.848","17.809","17.768","17.625","17.645","17.562","17.515","17.533","17.536","17.542","17.551","17.638","17.598","17.566","17.508","17.453","17.558","17.584","17.620","17.629","17.553","17.374","17.682","17.648","17.606"
"71.700","17.670","17.710","17.607","17.466","17.475","17.446","17.331","17.406","17.384","17.377","17.375","17.469","17.450","17.402","17.359","17.323","17.386","17.392","17.480","17.463","17.410","17.262","17.535","17.489","17.432"
"71.954","17.756","17.836","17.701","17.624","17.610","17.621","17.501","17.534","17.481","17.541","17.505","17.580","17.595","17.534","17.479","17.519","17.556","17.538","17.627","17.601","17.575","17.432","17.647","17.609","17.631"
"72.208","18.013","18.051","17.959","17.915","17.929","17.918","17.836","17.803","17.752","17.835","17.782","17.827","17.840","17.829","17.760","17.841","17.835","17.828","17.899","17.891","17.867","17.696","17.894","17.861","17.974"
"72.462","18.225","18.205","18.172","18.139","18.163","18.134","18.043","18.016","18.003","18.024","17.986","18.021","18.033","18.038","17.990","18.063","18.031","18.002","18.110","18.065","18.050","17.875","18.058","18.068","18.182"
"72.716","18.230","18.224","18.206","18.152","18.153","18.144","18.018","18.024","18.035","18.075","18.032","18.069","18.067","18.033","18.030","18.074","18.074","18.036","18.130","18.053","18.060","17.908","18.065","18.129","18.226"
"72.971","18.048","18.060","18.012","17.933","17.897","17.870","17.804","17.791","17.828","17.905","17.820","17.881","17.853","17.812","17.814","17.829","17.859","17.839","17.908","17.849","17.842","17.733","17.914","17.957","17.995"
"73.225","17.859","17.881","17.786","17.604","17.614","17.542","17.478","17.438","17.520","17.550","17.459","17.618","17.503","17.518","17.492","17.467","17.527","17.476","17.581","17.536","17.514","17.417","17.685","17.632","17.624"
"73.479","17.874","17.889","17.774","17.532","17.579","17.503","17.363","17.325","17.435","17.431","17.362","17.560","17.427","17.478","17.444","17.375","17.446","17.354","17.481","17.463","17.457","17.318","17.619","17.494","17.502"
"73.733","18.077","18.075","17.976","17.805","17.806","17.762","17.616","17.607","17.678","17.688","17.617","17.776","17.691","17.754","17.717","17.651","17.730","17.607","17.725","17.722","17.716","17.576","17.806","17.692","17.714"
"73.987","18.298","18.304","18.196","18.143","18.071","18.090","17.960","17.973","17.993","18.029","17.963","18.064","18.025","18.058","18.018","18.012","18.096","17.989","18.058","18.052","18.005","17.901","18.075","18.034","18.027"
"74.242","18.389","18.416","18.297","18.267","18.216","18.263","18.115","18.117","18.121","18.184","18.140","18.193","18.207","18.162","18.127","18.180","18.257","18.194","18.215","18.253","18.163","18.041","18.241","18.224","18.179"
"74.496","18.286","18.318","18.180","18.143","18.122","18.146","17.987","18.014","18.008","18.068","18.046","18.097","18.122","18.061","18.022","18.060","18.125","18.083","18.120","18.179","18.104","17.934","18.195","18.143","18.080"
"74.750","18.066","18.095","17.961","17.862","17.857","17.829","17.669","17.758","17.778","17.811","17.755","17.895","17.839","17.802","17.767","17.798","17.814","17.810","17.860","17.898","17.825","17.660","18.003","17.907","17.813"
"75.004","17.921","17.947","17.814","17.671","17.699","17.634","17.455","17.525","17.604","17.632","17.533","17.748","17.644","17.588","17.580","17.610","17.580","17.613","17.635","17.723","17.613","17.492","17.825","17.714","17.570"
"75.258","18.015","18.002","17.898","17.733","17.774","17.714","17.538","17.567","17.650","17.678","17.580","17.792","17.709","17.683","17.654","17.663","17.642","17.654","17.650","17.758","17.674","17.597","17.840","17.738","17.680"
"75.513","18.225","18.228","18.134","17.965","17.988","17.954","17.828","17.847","17.879","17.874","17.834","17.998","17.943","17.973","17.891","17.928","17.900","17.857","17.884","17.938","17.913","17.839","18.039","17.937","18.029"
"75.767","18.384","18.432","18.297","18.130","18.159","18.086","18.037","18.053","18.033","18.032","18.033","18.152","18.098","18.125","18.050","18.131","18.094","18.058","18.066","18.146","18.086","18.016","18.195","18.131","18.223"
"76.021","18.405","18.436","18.262","18.117","18.142","18.033","18.017","18.057","18.028","18.028","18.014","18.102","18.054","18.074","18.011","18.068","18.075","18.062","18.093","18.147","18.044","17.961","18.194","18.147","18.206"
"76.275","18.259","18.210","18.062","17.898","17.927","17.817","17.774","17.810","17.818","17.828","17.762","17.917","17.802","17.806","17.773","17.761","17.796","17.789","17.923","17.886","17.815","17.684","18.035","17.957","18.015"
"76.529","18.049","18.009","17.909","17.684","17.719","17.645","17.505","17.525","17.602","17.609","17.534","17.768","17.584","17.589","17.587","17.532","17.568","17.554","17.691","17.637","17.634","17.484","17.836","17.722","17.781"
"76.784","17.998","18.017","17.919","17.704","17.749","17.663","17.472","17.517","17.608","17.627","17.586","17.797","17.635","17.649","17.634","17.589","17.635","17.573","17.648","17.649","17.686","17.562","17.801","17.688","17.706"
"77.038","18.133","18.163","18.046","17.917","17.951","17.832","17.686","17.746","17.794","17.831","17.789","17.970","17.849","17.857","17.817","17.819","17.863","17.764","17.799","17.870","17.852","17.787","17.962","17.856","17.878"
"77.292","18.298","18.333","18.190","18.108","18.109","18.040","17.905","17.958","17.945","18.013","17.999","18.123","18.031","18.020","17.983","18.012","18.056","17.983","18.010","18.074","17.999","17.964","18.138","18.088","18.074"
"77.546","18.315","18.385","18.226","18.168","18.118","18.110","17.971","18.037","17.981","18.089","18.054","18.148","18.084","18.065","18.070","18.076","18.086","18.075","18.109","18.129","18.077","18.029","18.179","18.184","18.115"
"77.800","18.151","18.244","18.081","18.041","17.962","17.971","17.816","17.879","17.847","17.954","17.908","18.017","18.000","17.929","17.976","17.947","17.937","17.930","18.024","17.988","17.981","17.906","18.035","18.062","18.024"
"78.055","18.006","18.113","17.919","17.880","17.823","17.831","17.619","17.621","17.729","17.757","17.725","17.878","17.850","17.757","17.799","17.747","17.795","17.716","17.871","17.793","17.827","17.739","17.900","17.868","17.837"
"78.309","18.041","18.172","17.977","17.920","17.905","17.909","17.685","17.655","17.774","17.806","17.772","17.914","17.869","17.825","17.788","17.754","17.846","17.745","17.900","17.860","17.869","17.782","17.940","17.863","17.842"
"78.563","18.186","18.317","18.161","18.070","18.090","18.038","17.864","17.877","17.905","17.984","17.932","18.053","18.000","17.978","17.924","17.922","17.989","17.941","18.046","18.054","18.021","17.912","18.089","18.006","18.030"
"78.817","18.259","18.341","18.203","18.079","18.109","18.031","17.877","17.934","17.997","18.024","17.962","18.100","18.018","17.985","17.965","17.946","18.019","17.984","18.056","18.072","18.038","17.933","18.150","18.082","18.057"
"79.071","18.190","18.181","18.016","17.861","17.893","17.815","17.590","17.651","17.863","17.785","17.723","17.959","17.770","17.779","17.787","17.730","17.795","17.697","17.800","17.847","17.835","17.731","18.034","17.906","17.794"
"79.326","18.143","18.053","17.862","17.677","17.691","17.612","17.265","17.304","17.623","17.519","17.466","17.817","17.511","17.560","17.604","17.528","17.571","17.377","17.510","17.575","17.617","17.526","17.864","17.660","17.570"
"79.580","18.237","18.147","17.989","17.825","17.830","17.776","17.436","17.448","17.699","17.693","17.655","17.973","17.664","17.696","17.721","17.736","17.748","17.566","17.665","17.692","17.733","17.658","17.944","17.783","17.681"
"79.834","18.357","18.349","18.175","18.103","18.114","18.058","17.888","17.861","17.984","18.054","18.035","18.227","18.022","17.991","17.993","18.053","18.034","17.967","18.051","18.045","18.048","17.959","18.130","18.119","17.908"
"80.088","18.326","18.377","18.168","18.154","18.170","18.115","18.043","18.010","18.085","18.123","18.104","18.246","18.094","18.091","18.084","18.073","18.082","18.112","18.162","18.138","18.164","18.053","18.170","18.196","17.971"
"80.342","18.148","18.214","18.005","17.967","17.999","17.907","17.811","17.780","17.900","17.937","17.819","18.019","17.879","17.910","17.887","17.835","17.859","17.938","17.956","17.933","17.973","17.861","17.999","17.978","17.914"
"80.597","18.055","18.060","17.888","17.776","17.822","17.690","17.462","17.480","17.671","17.714","17.547","17.784","17.637","17.667","17.671","17.601","17.642","17.628","17.687","17.680","17.706","17.612","17.796","17.750","17.752"
"80.851","18.074","18.078","17.899","17.723","17.729","17.604","17.310","17.351","17.588","17.597","17.498","17.738","17.519","17.561","17.614","17.541","17.592","17.443","17.584","17.598","17.571","17.524","17.777","17.667","17.609"
"81.105","18.081","18.072","17.856","17.652","17.662","17.521","17.201","17.204","17.528","17.454","17.414","17.726","17.420","17.481","17.548","17.512","17.534","17.291","17.486","17.517","17.520","17.495","17.756","17.557","17.540"
"81.359","18.123","18.062","17.837","17.686","17.714","17.560","17.221","17.214","17.592","17.420","17.382","17.769","17.476","17.516","17.563","17.521","17.550","17.272","17.485","17.490","17.589","17.531","17.768","17.545","17.597"
"81.613","18.182","18.152","17.968","17.929","17.910","17.833","17.595","17.603","17.852","17.707","17.668","17.923","17.763","17.809","17.801","17.753","17.797","17.632","17.777","17.736","17.864","17.762","17.935","17.800","17.928"
"81.868","18.229","18.267","18.119","18.158","18.100","18.105","17.968","17.972","18.084","18.030","18.028","18.109","18.057","18.127","18.069","18.024","18.092","18.038","18.097","18.090","18.133","18.031","18.165","18.077","18.230"
"82.122","18.308","18.365","18.226","18.305","18.220","18.272","18.126","18.114","18.221","18.202","18.220","18.241","18.253","18.254","18.183","18.165","18.247","18.258","18.282","18.299","18.285","18.216","18.289","18.243","18.313"
"82.376","18.431","18.413","18.305","18.341","18.227","18.273","18.098","18.092","18.251","18.159","18.218","18.318","18.278","18.211","18.155","18.145","18.232","18.240","18.259","18.259","18.284","18.243","18.317","18.292","18.271"
"82.630","18.615","18.510","18.351","18.318","18.173","18.208","17.963","17.982","18.196","18.017","18.093","18.364","18.181","18.089","18.105","18.064","18.120","18.094","18.066","18.101","18.227","18.136","18.265","18.230","18.168"
"82.884","18.851","18.750","18.534","18.459","18.352","18.375","18.125","18.186","18.339","18.160","18.208","18.495","18.328","18.237","18.269","18.201","18.207","18.169","18.138","18.201","18.373","18.235","18.376","18.314","18.255"
"83.139","19.106","19.052","18.873","18.830","18.757","18.749","18.608","18.729","18.707","18.632","18.584","18.750","18.751","18.687","18.668","18.582","18.583","18.609","18.586","18.601","18.717","18.607","18.685","18.648","18.659"
"83.393","19.372","19.262","19.201","19.184","19.053","19.090","19.004","19.172","19.047","19.043","18.935","19.008","19.127","19.086","19.026","18.926","18.948","19.024","18.994","18.993","19.027","18.961","18.978","18.954","19.040"
"83.647","19.548","19.356","19.383","19.357","19.208","19.294","19.162","19.381","19.245","19.216","19.125","19.174","19.274","19.246","19.180","19.116","19.127","19.209","19.210","19.211","19.197","19.141","19.170","19.114","19.203"
"83.901","19.550","19.356","19.407","19.387","19.302","19.333","19.167","19.417","19.279","19.259","19.187","19.220","19.291","19.277","19.220","19.144","19.176","19.236","19.295","19.275","19.244","19.224","19.224","19.188","19.251"
"84.155","19.474","19.327","19.337","19.365","19.313","19.269","19.163","19.341","19.256","19.280","19.219","19.239","19.277","19.279","19.266","19.139","19.197","19.245","19.290","19.285","19.250","19.263","19.195","19.234","19.259"
"84.410","19.562","19.473","19.451","19.497","19.438","19.413","19.371","19.420","19.441","19.462","19.422","19.420","19.417","19.417","19.451","19.330","19.370","19.397","19.399","19.402","19.417","19.402","19.356","19.422","19.316"
"84.664","19.889","19.809","19.781","19.832","19.823","19.851","19.796","19.811","19.866","19.845","19.818","19.821","19.739","19.802","19.796","19.785","19.750","19.800","19.692","19.722","19.790","19.788","19.803","19.769","19.698"
"84.918","19.773","19.743","19.722","19.755","19.797","19.847","19.817","19.823","19.826","19.804","19.798","19.809","19.696","19.803","19.796","19.831","19.758","19.824","19.645","19.703","19.808","19.815","19.848","19.736","19.778"
"85.172","19.263","19.311","19.315","19.303","19.357","19.376","19.418","19.344","19.347","19.388","19.378","19.319","19.318","19.319","19.417","19.423","19.348","19.398","19.276","19.353","19.390","19.391","19.388","19.293","19.340"
"85.426","18.692","18.828","18.793","18.760","18.854","18.804","18.882","18.760","18.774","18.857","18.847","18.731","18.869","18.774","18.876","18.867","18.799","18.843","18.859","18.874","18.825","18.867","18.800","18.788","18.770"
"85.681","18.416","18.592","18.514","18.524","18.603","18.546","18.587","18.491","18.512","18.549","18.559","18.457","18.602","18.534","18.546","18.551","18.548","18.518","18.628","18.567","18.540","18.586","18.539","18.576","18.477"
"85.935","18.440","18.557","18.518","18.552","18.584","18.533","18.530","18.508","18.514","18.534","18.524","18.458","18.578","18.562","18.486","18.520","18.588","18.470","18.580","18.561","18.531","18.522","18.519","18.596","18.521"
"86.189","18.771","18.786","18.821","18.812","18.822","18.773","18.826","18.759","18.802","18.765","18.798","18.815","18.785","18.853","18.759","18.829","18.918","18.764","18.812","18.840","18.780","18.779","18.764","18.834","18.826"
"86.443","18.956","18.964","19.006","18.960","18.984","18.915","19.059","18.917","19.006","18.898","19.013","19.131","18.953","19.033","19.008","19.121","19.122","19.014","19.041","19.027","19.002","18.980","19.001","19.030","19.076"
"86.697","18.791","18.844","18.850","18.829","18.838","18.806","18.911","18.798","18.906","18.830","18.925","19.034","18.896","18.889","18.915","19.018","18.964","18.947","18.946","18.865","18.921","18.848","18.931","18.926","19.014"
"86.952","18.506","18.551","18.538","18.531","18.541","18.571","18.571","18.545","18.602","18.653","18.629","18.665","18.640","18.567","18.587","18.663","18.656","18.666","18.652","18.570","18.604","18.594","18.646","18.692","18.700"
